id,label
52a88af32,28
dfc9c6a23,103
f267d94cc,67
8a952300f,81
f1184530f,4
6e4cea791,4
8f76524a3,96
ff889e23b,12
6e08cae12,67
d95bb7f70,46
367f0d3ab,79
85f57ce0b,103
69e41bdea,49
0c3928144,8
f969c00cd,29
ef31624e8,29
e6dc466d6,14
319090100,72
5d3f635c6,73
27bf39b00,72
37bd7591f,67
212081efd,86
960cb8c40,25
cd4b41085,58
165378703,57
2cb2c881e,14
f351a6e43,73
3cb2f9e9c,82
add649c7d,42
9a4c23eeb,103
8257df18f,53
50de80a98,67
36b0477d7,49
ba9e33af2,83
705344bd8,13
e58b03040,72
44d4d79f1,53
141fe61d6,9
7b3780a82,10
8af7864d3,95
d25115245,49
9a4b0da88,68
c92860c63,48
8e2b5a31b,0
1c39926e6,103
e7393ca3b,96
8846a7457,0
53ef32294,80
0e62ddf15,4
50a645c94,37
2cdb115b6,14
a2606d96b,50
05b14593a,48
c0de46b28,54
8fcb4c7e3,53
7799eb3ef,48
4f363e9db,68
0d613de49,48
f84335116,40
743c74763,90
6bb4e9d41,48
cb5c98667,102
90452c872,4
fc7c304b6,9
fd168583e,4
e48737634,42
5ff57970a,13
316c28a80,40
0e8760c38,103
5252bf766,90
0a4ddf5c2,72
6cf753c72,48
adacc3a94,39
9bf7190d6,8
811add27f,102
dde1f48c9,9
74fdf6cc8,12
9eac41e56,47
54281d31a,4
82fdb1afd,67
e91cb4f98,7
ab3210eac,75
15b77ba34,43
9b1d44428,68
cd703e25f,53
f250dd64e,4
87c39a44d,74
d6f707315,47
26806e9cf,73
e6609d48b,0
dd959de66,36
cecc8c55b,83
38ea80b60,81
e33bff353,68
910b97274,67
bf3116d78,82
5b9de4b19,83
0a7989f52,64
06006e0c9,47
339430425,51
892426d11,30
ef9591f3f,47
a1ecb0622,66
f92de8523,29
b2b4ffcd2,72
4d1ef02af,57
2f0224a9f,4
9ec15c151,73
9a1c7e11a,53
98e5cf2d2,42
f5277593f,14
af70c8cc6,48
a6e0df6f5,4
366a3d04f,73
81c8c5199,4
eec3f5ce2,49
23e50dcaf,24
6308fe124,68
3b71397a9,50
e34772216,48
88e6ef51c,46
776074cae,52
7c3055bc8,5
f90c673f8,68
80acbf30b,86
5586807d4,102
06ad3fc5c,5
6a0b33f79,30
18377be3f,18
d7d866216,73
5aafe07bf,4
dd754aab9,18
5ff30ec8b,71
51493dac7,13
289e5b823,77
3bf2347ab,77
4a122e0ad,68
801d0d3c3,75
3744d58d1,21
b145fd2da,38
ad6d4b44d,88
648319d0a,12
f33705a47,4
675e1db7e,48
46f943627,103
03ac6694b,64
9a55c6f1b,52
f35bfd300,45
903bde9b1,49
a99ec466c,102
54b444711,21
69a8e84ba,86
d615fd16c,49
94c8329af,10
ef9f75d12,74
4f1f1670a,53
9121b3849,48
665bfe8f5,102
211c90566,75
5fccfc9b5,77
6bd4a7ab4,75
5e0cdf39d,93
725cc0c4a,73
3b9e7a8f5,63
10c4c8d44,88
8e5430d77,88
7949b71c3,67
75540546f,41
3eb77db12,102
1972bae11,90
1d88115ad,103
613831ee6,4
1c4ad0e13,0
b5cc43bfa,73
3dc7bb76a,40
826712f91,103
dca3a0787,36
6f84aa228,61
35a08a010,4
7d2f35248,103
0fa462f68,4
c223fc7dd,52
3267460df,48
500c28291,62
b3541d83a,80
2a872a9ef,16
59265d2fa,91
943eef63e,42
07f8cc8ca,48
c46b163d8,40
f83f81e9c,77
5de6bcf29,50
e69fde9d7,4
e1494fbde,33
216703083,45
328aba75f,1
c2fe4e836,73
7d6edd6f1,91
245d80d97,0
d14992eb2,72
94e8795c1,47
35dbda91b,49
ad85435d5,67
c5f4134e0,102
b651d313e,96
8cf5bf4df,77
04f9e9721,49
3b3341edb,22
b4a235b93,13
483a8e2d8,30
ef65f22fb,87
57a2e8995,102
088864629,56
aeaf5ccbb,77
cbe14bd98,49
00c12e4ff,49
fba0bb7e1,68
b04f7be54,24
11b363237,46
da9ed562f,103
161acbde6,4
329793680,102
f029a3429,48
fbfd88b1c,49
be06b31f4,53
2449b5518,102
68cd38577,74
61b1040d7,47
86c0fdb4c,82
a2d9d460e,43
c298d16b3,73
029c37998,22
6a29fea52,67
805e9a7b0,4
e4cac2e07,27
e1e5687f0,4
dc5ba9ff5,102
f509e2cff,0
eb0d37eab,13
9d051fef4,50
3f39dac7f,1
582a4afd0,77
69930f05d,53
5f8f53f23,102
97beecd94,46
6dbf25622,52
5b9059868,59
30bfe5b05,54
cd009e1a0,4
3231b476a,0
f85f090f3,101
2e211accd,84
437e2a9cf,73
15bcf0bc5,79
1914b6245,67
54eb01070,92
1161f79f4,91
1eb6f22d5,48
27c74d8a8,71
154f5a75b,75
675aad8ff,13
52491f753,103
f66e3a446,82
cdcb45570,73
58df72bc0,8
7b38952f6,86
c359190d8,56
12fdb3200,49
789e0279f,24
f1b51e257,14
25b587ccf,68
929ac8834,49
4e8b618c7,48
baf415f07,72
2b71757d7,36
a007c4ce7,36
edc4d0f73,80
14024c433,71
27c66fcb0,102
0fdb2e372,71
b382fd54c,90
b448720a0,49
b30c2d7fb,24
cf087fd47,45
e9294bac5,11
3ba519bb8,45
2d6826d81,67
2406dc526,81
0c4cc8319,13
d01d8d2fd,45
d4afbe85d,13
a1d2cd9b9,73
fe6889fe9,87
f2defaf74,49
e71ef6701,4
23e9b2025,49
035d2bcd9,103
b687e4bd9,88
5eab13f01,40
fd5eb7e8c,0
4ae7d6827,101
2c670a497,67
7d1794961,47
98b1475af,50
950a866ca,4
3526d7815,103
3f36f3f32,0
6433f1917,67
b41a52def,14
34438649b,43
8303a6784,79
3feba0f46,86
1e2c7b899,5
c12330d34,48
d8a5ce5ff,48
9ae160f11,91
3c401022c,10
ea602cdc8,14
6d7b4a632,48
92782ef45,102
543a799bf,59
9944acf36,68
bfa9dec26,4
3f7fa081c,74
e46dce22e,37
45a702ee8,62
f7457839f,89
92a289926,94
1a2ba059a,11
78bd1cad3,0
45093c3fd,75
cc98ccc8d,4
a781c6147,73
92aea1584,58
1886b234a,4
d81c315b3,48
53fb48abe,83
3dd3823ba,14
a42065058,103
4434ef42e,73
fab4eca91,103
e64bd2b5f,29
909b6223b,8
8967f7f3b,10
725611911,40
fe195b05f,0
0e1199571,4
21a0ef857,24
a8d7d90ae,67
cb80e17f2,55
812b38844,103
9367b53dc,50
8226b3a56,50
471609fe8,102
139b1d751,53
086d87731,49
b0b2364f5,68
261838dd1,50
8ce0043be,11
67fa9ad3f,32
3ebeb5ac6,36
f8bffd3d7,102
e3d055215,24
d0a99b293,67
1fb364cd2,47
5e287a0e3,103
d8c46cf4b,94
c980fa8a5,67
565242c3b,58
9eaf1170e,0
eea95e8a8,103
f302f29a2,45
20cbfadeb,49
78a91fc04,93
c3bcd37c1,92
d852da76f,102
8c5ae49a8,68
9b7ad01b5,49
343bdb4b8,76
922e45d33,67
51507f7ff,42
3070a069b,73
0416248e8,103
e6c3f8ec8,80
2a0a14e04,49
fc4e189da,4
bad7b9ba0,49
43a84d203,18
fac7af031,96
64581ef78,102
b134d8c5d,67
a8de792e9,13
fb02c411b,94
4e4504ced,94
073a72a81,83
42ed99f8b,67
bac490985,67
70501f63a,49
d6e9bc323,13
351f462dc,30
8404dd232,79
3863b7205,49
733de405f,4
abb6d81d5,77
884593f79,70
c9d5ec522,75
383e2e03e,67
d974a8a25,69
ad77c781f,53
410641125,35
110f7428e,49
e69a97f86,47
05ef686b7,102
985c8a491,23
be1b79939,4
1dbaa5744,13
618ad631e,38
90a369187,0
c8d684975,29
69a2f544d,88
c8c92b3d1,49
6b57e5a58,103
e881c39e6,82
7cc60fb22,13
e44de523d,86
baf87d0e3,63
6bff70a64,73
c4a376520,93
2d10d39ba,67
80abd878b,102
24cc36b04,95
f92ea03e2,64
28ee705b7,74
1c7354786,4
a959c7034,14
5345fc847,103
35e87cd85,52
3e7ae2503,4
385bb724a,102
c3c540406,14
1be394776,49
1abc6d06e,73
407df102a,40
1f2621b4c,102
630ddb37f,75
b3cf1a86f,90
53a6ecdc4,56
690f47487,103
847ffdf2c,41
30c74817b,91
f8326b046,18
37377ab6b,53
629436111,76
6e1842cc3,75
4580f61bb,19
6abdbbd7d,68
6348a7b61,67
817066a16,4
ab35917f7,67
48e65f113,53
37dea321a,80
0dbbde2b4,75
086fcc48c,70
724560f8b,48
90bb2bf7c,81
7cff9aa7b,53
deb571149,43
8e8f25c31,87
6aae558ae,80
492569251,88
75bbc4353,4
b104b01c3,9
f796dac32,51
ebd745005,13
282e04df1,46
e53134336,67
d66f375db,95
a94c4d821,80
5a83e84af,76
c09ec978c,103
f0e0f2a32,101
4bfdc5664,103
58bb4ddb2,67
dd7ae60d1,55
93178e5ac,48
e028101c5,14
2aba48b93,83
78235a81d,43
45bd6ecd8,101
fef9f8524,78
cc7981c1e,49
8361e9b86,91
057112f09,103
57c274565,67
101551fbc,96
9980474e3,49
4b86a4171,67
a534b0f16,86
f67795cc5,72
450dd240e,94
24ef54ca8,74
e7b039312,88
cb22250ca,79
cecb3fe1c,75
4a9e8f7f7,68
9403b3f86,68
fe6da2049,29
014809654,93
cc16ab1ba,97
5bc0988c2,9
8b5aa768a,103
e3fc821ef,84
45c23ce20,86
b731c25d6,57
f3a8be142,35
a07779d6c,49
c7acfdba4,53
d8f1c6f49,72
8168ee82a,22
be007fe7e,78
7cae1c547,55
5a5cc97ec,19
e3fb7b8e0,10
fdaf286c6,14
cc446554a,73
a82ca5b13,12
fd311eab7,103
fd3fb66f0,103
d90f33907,87
3d6f46c76,16
4a608f8ad,49
3d5479aca,53
065c9b5be,59
a76840623,68
e2aef08ca,4
29ee6d680,53
4134d5714,93
7514c8182,49
08ffacb06,50
b5eb21e9c,68
d0007cc98,13
f80f02286,102
ac869f858,74
13fff11ed,70
3dd834459,49
ad494795d,9
fc70a3b37,84
e26d85d35,67
9e9dda9fe,72
dc8dc1ad0,103
fc601ec84,86
f6d873abc,16
1e155978a,103
74bec8798,103
5752ad3e2,40
fd3bba010,62
0e5e79e60,11
8cccd4aa7,4
5934fec49,13
9af5f572d,9
510743b2b,39
12d007adc,91
8024a233d,14
16ad94559,102
4fa22a6e4,64
f63a9b6fa,52
4bb5a49ca,36
debf90490,4
063528d00,36
444a5e9fe,75
5924c5e47,33
ec55c0f86,4
09a438bae,9
7cb5e6b99,50
b79cf00ff,69
358cb6a28,68
f91c76038,75
f638a96fd,54
2ffc025ec,14
2e0dbcfbb,71
1e954dd4c,8
b24b4ecc1,96
d29cd9c2a,0
3c425da53,14
a3355967c,48
41a9e2617,4
8ab688113,75
55da8e5b5,6
c9ae3ceea,50
47664da16,73
aaa8e6d3d,70
00450d304,46
e8aba010f,74
0db5748ed,4
a01133fe3,10
025960a54,79
9dac30b0c,103
aee5c9b93,47
1fa6772be,103
01262c8b3,67
6a273ddf9,68
fb85ca687,67
8a66bd5fb,49
efd7dff01,50
7012b4533,91
70ef6d8bc,57
4787424e6,5
916ee9985,13
3901d45a9,103
d482c8cf2,29
84b9be4d6,103
285e0bc7e,0
cfcd57260,69
fe7857419,86
70077ecb9,56
004b88e09,103
c7d865058,48
a9f0935ed,49
71c57f5bf,70
62728ae3b,73
2cb6d8130,67
197830e87,67
b37712a07,14
53622739f,72
a030b3e71,103
57b0ac4e3,41
ae61e912f,14
e925b2ba5,67
1bbcb152a,14
fabc19e97,77
edc4bea12,102
a94f6dde1,72
cb225cfe6,74
388606357,74
7165bc7ad,19
08031b106,53
53d9b87f7,46
31e5dda95,4
990ca8dc7,86
3a17f07b0,18
b7aca2c8a,0
91433794a,7
9e4dee17e,14
8304d7230,49
88de21f46,55
3cf641526,0
b0c17d5c1,102
8d36d1fd7,7
bf6653e3f,67
ef6a25c92,13
ac63c6d38,29
67a4a4d91,23
54d263a8d,0
a7fcb3749,52
21c09e349,46
4342207cf,67
c22e3bf9f,56
08820c254,103
10f4c026f,40
57bbb106e,49
c5ab18c87,47
96993f959,67
2e494a369,70
f809ac529,75
db95e1a99,48
c8baf7ea1,90
d3777d5cb,71
de996c4a9,67
5ec9553ea,79
d71ba33b6,67
d17ef4e5e,67
bf9e90a5c,8
bc4c39336,47
12fb0107d,77
ec80c1413,67
7f6076e29,2
82856ba28,42
ea85ab37b,90
dc4f97c9d,78
9d44bd787,4
98dcdf215,10
a475599ad,14
3dc8e9edf,47
2d9284433,49
773cb6978,10
d86ebd20a,4
4a9a2ca92,103
b0f5e118c,47
99536c670,47
224d2ad17,75
ea0b66dd1,60
69d14fa3b,13
4a98c96c1,54
a00b723d8,84
623270c63,70
7e53bd3db,46
756c7c9c6,49
856565e67,71
40073bdcc,67
64a8fad00,75
503c5b1ab,75
ecf64f4f9,13
109a722a1,49
302e11bd2,23
b86044a66,34
8d195e4db,73
36c65119a,62
c232077ef,103
79c33f52d,39
272457fe0,24
ae331a500,25
117831b8b,47
0693e839e,103
269695569,20
6a664ced1,102
d0cd8ecb5,0
fa0d9a392,4
7089f8683,4
f9d24e47a,10
8c39d1b41,33
f0f7be744,21
7a8d95cdd,68
787c185b9,67
35eb134af,49
250f0fa92,48
1a993f386,73
822b2880f,103
56cfcf9da,82
3c1645928,13
dc2ff7073,94
93c15dc29,73
ce60e5f2a,57
cddf33a9c,103
6c95b6248,78
7b6338bee,4
71c1f0507,4
154896ab2,81
32d9fa7d1,71
2429cadb3,49
932aeb630,102
64923375e,87
b91ced576,73
d390d32c0,4
b7f261913,82
103a4a0e6,67
250af268e,103
2d46aba06,73
c70d94083,12
e95ce8077,73
97dfe0bfb,67
155f68180,64
06f00d362,50
3f6b5757a,53
6959092b7,53
055ca7ae5,67
764a98598,102
ed1e5c7aa,44
b868bcb9b,103
d30a6e9e5,43
3552b2954,51
41163300a,91
a85a06d9b,75
039b15a83,13
1a40b279c,4
79e573478,88
81bb11926,49
3ba0b4f6f,82
57abd6d16,56
5574a3c79,71
54b876ff5,56
797d44519,14
2c302c916,35
d062630fd,11
8228ed988,14
51b1f6a59,82
f3b8a1077,73
9a6716090,67
1ce1a7e34,102
82b0ce34b,14
c354e0d67,42
3d99a3247,102
d8f64062f,53
75e80fdfe,67
bd6b0dfac,48
db0212bef,14
815b552f8,28
d5d2c10fb,55
2c54bc2fb,80
d06bf1078,102
ea6121903,68
6a099e4a7,45
0999994cd,24
f5da36491,68
0af1026b6,103
d12bd1d03,21
5d35e5409,82
e80bee440,90
10b54687f,45
043666ac5,49
c27d9c294,91
48689d750,58
78c19e86d,49
941dde56a,86
89e147dd6,25
8482cd4e5,73
064a230b7,77
393d8efdd,67
2b4605245,29
66574442d,18
943e13c28,47
048596edf,49
2ec187152,16
8a223576f,67
f21f7aba6,10
9264502a9,57
1f38d6778,94
35b87f500,81
43382559c,0
a91c62b42,30
cd3c07f1e,53
4d42fbb18,4
08a78ffc3,12
f69355cc5,75
377abf496,76
f0dc59c83,8
ff6213278,11
bcd68e6b2,31
377240bbd,73
f58f83775,39
ed849ee3c,101
214121cb3,87
36d0c85f4,47
5227d80bf,0
30802b47e,18
bf9efeb37,67
4a03138df,49
8c59b2b7f,49
5a86ac765,13
d8909ecab,17
9dfb86d81,48
bb1e822e8,47
eed177624,67
41cbb748c,25
0571dcc03,0
04721ef43,53
0b2640e87,102
4d20e5f0e,29
2a60639ba,14
9c64cb14d,90
e72ba29c5,87
b8c82be3f,48
02b01a158,103
9a6e4aacd,97
2e7fad027,10
c6774c8ab,90
374452b3b,8
5c66ca3ec,80
6953f8992,43
c63df66ce,28
792e61b1e,49
149c9e414,103
767a87c4e,52
4198fad68,55
a6e42d0ec,56
f87390b13,67
b0e07a930,19
ff5d4568e,62
1d49676bf,48
911c029b5,24
e98492667,76
36f394d24,75
fd1ebe8cb,102
d20e60a1f,71
8af4a8896,91
878cb5b42,79
797da59fa,75
897e8e24d,53
39b18554c,67
7e2ed4d52,73
536c83e57,4
8f7576edf,13
875858dad,4
45ad763cc,1
aaef221e7,48
f938ff523,29
66cf381b9,77
c1e39ffe4,4
a4d628083,50
f78eecf21,103
0ed0741d4,53
f8933e5d2,47
7d3786848,67
41ffad9d1,76
a6ad089f9,47
a21a2c1b2,102
aa118cbeb,102
80ceb515c,53
6af290ef5,79
2a158f54c,68
631f04e66,48
29c460e2b,45
76e3166a8,102
055988ad2,14
ab6404be4,29
cd86aac5a,4
500c6294c,53
9ca216086,49
8bae211d3,7
6162cab31,20
f95d4b24c,65
9d4d22004,68
dc5498af1,47
e34bf0fa4,49
c2ddc15a6,80
0cfca4a37,46
2a608c0db,103
47f47a868,80
d82a21bbd,93
27c1d078f,18
f9c931893,53
b9b88996b,94
18c7b92b8,41
e86e2a592,62
523df966b,102
00e4f514e,103
8d808a07b,53
6fd484575,54
c2c5a8cc9,7
c3194a1e8,69
550290aaa,13
b7b3939ca,79
45a842008,64
9a4cb2829,4
acf17fceb,103
cc0db3719,48
91b8321dd,103
66e6f6938,83
84fc77fbd,50
f028e8401,90
c2d849108,82
04c9322f3,75
116b7f1b1,67
3341a6efb,77
37090107a,45
19e239913,43
2d0752813,77
5954973f3,67
ca82d5eb3,103
d31f5a836,16
997575057,47
84b7495d6,87
b784d7a07,76
4c0a72203,24
03091fb7a,49
d2b091c3b,68
a2aa2199a,0
8e412c7e5,49
5c2b3adde,71
a69c80256,48
0fc91f469,53
2b313ee7c,102
c8aa236c5,49
344a190fa,103
5f0542bfc,13
77f6880d2,22
1d149bccd,13
e5b0c4faf,53
0ac2378b9,86
052d2dde2,67
cf95485eb,73
524961d31,4
46ccb6bd3,67
b2b7e722d,103
ec09668c7,12
f83e299b4,67
d09afd3b0,77
bbaef0141,67
7302be7da,47
01555bed7,69
10dee0305,5
b1296679d,75
2a7c1dbf3,4
2a0404164,49
8df7f4638,67
f0f03b04d,102
0124e277f,52
4c4caa583,103
dc370d0dd,99
39ceb1ff2,94
ce5f6dcef,87
146463828,56
c144ae440,103
99be4bfbc,71
f8221646b,48
c0f55d16e,0
2e3fc37e5,68
d6694bd34,72
4f037af7f,49
0db15a736,24
358e5478e,4
60711fbc1,55
744730d4a,14
68f48e5f5,69
1c1daa6da,46
8a89d3315,21
68caf79b9,75
5a2fb5300,103
29bd0c56d,83
d9004decd,47
81aae2d9e,73
46002f8b4,103
a9b1f63d0,4
61da47774,73
218676c6c,90
94693762f,67
cb297624d,91
15c5a0a46,11
ed219c7f8,25
ed8f1770c,8
7271d34ab,1
ef761a150,71
408fc944b,36
4bf7df629,14
3271ed094,68
67ec88f39,76
fd2bd5f1e,103
8d8da7a3e,102
ea8dfdeb3,67
0401b69cc,76
fab2df372,73
0c8b4c597,13
07ce81250,57
bfd66b238,43
99c05f8d5,56
22324cd72,28
2ad78f9c2,48
7077a94ce,60
4565dbe4c,57
220b46a44,86
91b98c869,69
9843c53a6,84
31dae2136,67
04a9517b0,95
60ba7e522,45
7e512d140,5
95a6fdac6,50
c34f2139f,94
45e6036ff,53
b8e0b2ee2,25
101970f4e,12
0bfb74564,80
ab99925c9,53
8cf4b952c,93
2184fa6f2,8
b15603bdf,4
9a2fc15d3,13
4b781211f,70
71a787fb9,12
1b0d7769d,79
a2f66236c,102
dc7a50dab,77
c615baaa2,92
ee559b5b0,7
ac7c6ce37,12
698eea745,49
664e5c977,17
4171d3272,91
c1c4b2105,48
dfc4c6de0,72
60c40b083,49
e2480f460,50
d9111ad4b,75
d1b715fc8,103
1d8f28be5,103
78be4d100,14
68b41d014,76
f2702f681,103
c9e27d0e3,49
08263abdb,94
75eca83b3,103
5892ebde8,74
f0efb6c04,73
8f01b1034,52
654ee7e46,46
0c705e746,71
4c4c216fb,73
ade6312b1,4
e7571886a,4
50f72bf43,103
d814f470b,89
4bf799dba,74
4ac812558,49
fe0e1d7c2,72
6c269a2b9,67
71525c500,103
00856dfa9,82
58ff9dbee,67
f0a66df4c,103
27ba808dd,56
3987e3d8c,95
a5c3359e5,82
a6e627c10,68
548a35991,53
967c6bf80,4
eda07476f,77
73f18defc,93
0d3269c35,4
7b566ed00,68
36a638215,40
9e9f2f914,4
5bcf739c3,5
d16d34784,67
e1a0d5f24,5
9732ad4dc,26
6afc9ee54,16
3cbacf373,103
a16bdddf1,48
bbc846996,15
c07cac3dd,4
4b4d2a0b9,72
dde25205a,71
9faca65ce,50
20aea9077,79
2b7cf3253,14
54c0482ce,89
648d6e1c9,49
73d138dbe,28
65d4e9994,39
54f09b0b4,13
6ab2a7198,80
0315a723c,53
55b323b0c,37
6f03f9497,103
4dfdf7a8c,98
be3873f5d,67
0f25f79f8,67
2f460d807,4
4a5d43a96,9
bbf51ba25,49
0087eeefc,89
1eb8876a9,78
c1ed4ef6e,0
5078ff4b8,102
ed601a04f,13
bcde05c42,48
a68584f39,0
ddd367d19,4
298cf5bb5,48
f36c00407,67
dc0f9b59d,49
d51f2e142,45
9caf3507d,46
abcdf9705,41
7b7cce651,21
d1b0f75fc,18
35aa8898b,91
50f97c747,68
f40dffb83,65
b8e1080ce,67
edc3e9332,85
77f19a3b9,19
74c97189e,73
a9a93e3a0,9
6baede1f3,83
8d729fb61,28
6f50f7647,73
fb745f800,53
dfd66382a,75
16e29883d,71
39090147b,88
192bbbbda,27
39c56af7c,62
a114ff305,19
a6105941f,28
c38884c9c,22
35faa30eb,88
2afecec3c,46
ca875ed6d,0
297d94118,73
74c86dc94,88
cb05fa534,68
aa6a116bf,98
39a628cff,49
0de5f6578,73
1ef078208,13
5aeca7ba2,72
aa063d915,67
c511b01f1,5
75bb87271,95
d2dc27a1c,64
c6baa2b95,55
c16dd6692,43
b466a17e8,16
c36b30d62,49
828abe04c,13
a8c934e35,4
d18ee118e,94
c39bb3b9f,14
a9a679316,52
8f029f975,18
742ca771a,73
6aa4095a3,59
d77fa0d2f,8
6201345ad,49
75d3452c1,98
b4f324422,4
3b8fc5371,72
2e36d4f93,49
24261e7f3,69
0f340c3cf,79
7bba13923,75
ce7f9e0a0,8
791899b46,68
ba9e2d304,42
6841f21d2,75
b4eb26098,103
ec53bc088,86
23b33fd15,103
999be9923,53
aeb2bab6c,87
bcb73b724,30
9eea9316b,67
24032b382,90
7c1a6e1f0,72
eaddf667a,54
7775f87f5,72
d9af9a571,48
ab8add1c1,77
fdf659ef5,75
7d7b3950b,25
a939e29d9,103
ac114952e,95
df16e4771,11
455c7b67d,50
a078d515d,19
d8ca58a4c,36
2c8530a58,70
2a98afbbb,67
e27e698bf,48
5b69d3121,95
ec51d8607,30
c323bee87,28
3b2fe5739,25
c18fddc3d,21
c16bd5262,73
ee705e49b,29
600da56b9,12
7bed881d2,71
532e6c637,53
c9dcff9ef,4
b2d3bbf61,68
657a4ea19,46
8098272f9,53
8a428ab24,55
49f98b25a,79
23ee9f44b,42
a155b0167,51
266776fdd,53
ff5fdbd84,14
89e7620ff,48
330cc9d05,24
3a49d5a25,4
b59846a6c,93
25a24e8b6,61
500cf0ed3,91
1474acef0,67
a7bb097c3,51
2080c5234,71
522ea009b,103
f4db33d12,48
c3bf03c46,73
39f2c9f4a,47
7db900a9f,90
f6f80e6cd,89
51d6b9846,102
0d5832dd0,46
8c0e403af,103
696a13525,53
da0fc52e5,73
232ad11f4,80
3758eaf1d,21
16f9971d1,48
9fe09edeb,8
8fc000b1f,0
f83823a7e,73
6cf44ae8e,88
f16b7e08b,9
f8db20c1f,73
f3e1244ca,46
aa4f36f71,77
a4841f6e7,0
54296cd42,88
0e3a60b3f,48
ee41c42cc,68
bca2de14e,81
551f3af3f,73
bba2d82cc,38
a673ada99,53
02eea69ff,53
6aefb94a6,18
909ea73fd,95
99263d818,50
a7c42fdb2,49
efe50806b,67
92c7c2838,7
9d77e8b46,74
d32d6ccd9,75
57fb229ad,75
47134493d,73
8872018f5,21
7dab12862,25
7f8e636bd,60
a893581c4,9
bf711d50c,56
9c0cad204,73
db49060ae,75
501e378f3,79
5aab08428,67
ccb9b5cc7,12
07184caac,102
2b08a162a,102
694b396d4,0
d49030919,75
c987ff810,103
20dbff58b,77
01ce7d2df,12
2f230552c,67
37525f380,68
7ad932a97,91
304631d59,53
341538182,12
61fab76c9,75
2f75192e2,0
bda439192,50
4fb19aefd,82
4ba73aa49,4
8b0aa3f7a,45
85312fab3,14
c425cd871,59
e696c6605,13
85f3749ca,4
2f1f2d1d0,103
23a39f766,84
dc405fd04,73
08d076fb7,75
8fd2c007f,14
03536aa93,53
817ab4ca5,74
8e6d1a140,90
ad62f8d41,53
ea16b16c6,68
8664c38e5,21
f468cfed1,67
a12ed8ec5,71
1a5e9517f,90
d1292ab63,74
6318d6cfc,103
f2419f856,62
6b3b8d49b,57
ed0b0e088,39
b07bb0c22,4
d829aea86,49
9ebc88cdc,4
2bf04d18b,71
ae8e8b50a,49
aa6a6c73d,83
bb88f386b,53
3665f35e2,65
9e46889f9,102
02378eeef,50
9677be74b,67
537f040bd,4
2c0fac807,8
640bd467f,103
19d5edc51,4
8f2f9d451,45
9a2fe7b99,67
07f10b39f,70
f4c3dcb09,103
0721c0bc0,53
bc707c021,86
e9483b3b2,73
b8fbf9eca,67
db04d5ac6,103
012e26395,50
9fc9b533d,67
9e006b3d6,103
bea291a1b,27
1e8175d27,17
88d492231,68
56317c242,35
f99cc22d6,4
5f3773437,71
019df649f,47
645e6c963,64
7fcbcdc02,5
afc49f312,46
f9acd27a7,4
af51f29c8,65
e6223db31,7
88e754f35,41
9be084d41,21
1c63f50d1,49
077e33f0c,89
fcb500296,91
233db9b4b,46
b3c636639,103
fc836e711,4
c5d9914cb,49
b631d859f,31
44fc90316,14
70498b302,102
ec33a58aa,47
3d199ab7c,33
85bde49f1,58
9b353319d,73
9040a1e5f,0
a9c9495ff,48
5fc2cecce,86
55e0035e3,50
6da191d02,53
c8c7e71fb,94
abf89f144,82
b605cac2f,88
7263dccaf,13
cdbac498f,103
9290d73a1,74
b91c00f4b,102
bd6ee4ac7,47
9aa3662af,13
0aa405eec,67
74ee51f2f,67
322b5e989,49
cea4d818e,73
f55caa50e,12
284bb203a,45
7405dd1d5,28
0251a7082,4
cd6fb957b,80
b382faa85,42
0dc26fe1b,47
0b75f1f48,14
b299b2022,67
8c7a3ac06,56
d4c0f8a5a,67
226a4258e,41
73633e6bf,69
2013e7b99,10
ffb840ebc,103
13452bf5e,7
8ec1ab770,103
d4f431dda,78
fa7866999,48
9a9c151f2,4
52dc12639,17
6c1a05ed1,93
3ae3126c9,67
4cc87897b,95
8a5353b56,67
ccf5f3de8,102
4191e9966,75
9f69713aa,5
576f07382,86
7a011cb30,103
a67769dd9,103
25691eb59,28
56a33cbaa,53
9b8345ded,0
de8795ddd,46
aa9279a0d,103
fb7d17d79,14
3ceb3dfc0,88
9ea847197,77
662f45b2d,4
76809aa23,11
06c56276e,17
ee2fd195b,75
a599e44b9,14
15c1eb33a,45
184b78ad0,67
8515fa3ea,43
ae9a70845,10
e9fc9a217,47
eaeacfabd,81
64e5e148e,67
73749e7e2,53
11f448738,63
cc3b595bc,70
39236fa60,75
57d3813ab,14
dbed4d8d3,13
6e93d8d18,72
25b1a1971,14
1037cd266,53
114d128ca,48
491a37339,16
46f84af18,98
80ec46d31,49
dd331079f,68
40fe28512,96
0240a9430,0
6ecd0b17f,47
1557e4b6e,102
fc7362a16,67
fb7984b64,89
1461713ad,4
30b7ec090,98
e394b0931,76
31a00d007,28
058cebd78,49
de23c5486,86
40233a112,88
3d814b28f,49
3b0daf5b9,103
2a99b0118,67
1fb1edaca,4
dabb82074,48
e1da2a9a7,12
4e19a3a2f,65
6463c47d1,53
a36120551,48
fd33eec2e,80
b688ee356,76
68a81ce4f,18
4156a2861,76
841a4bd7b,72
3d44a717d,57
cf1fb187a,8
54a9c9512,14
6025abd59,95
6821046ee,103
a2b4482dc,45
e291c8794,73
464b3976a,52
d92a98c89,53
e0a576d7f,10
6395b130e,13
35b66a46d,76
1ee86a298,48
3be948614,7
a3500e94e,49
f6e02f90d,13
411394fae,67
d1a2458d7,67
ebc612beb,87
66df2d548,67
4e4c57892,103
2dc55fb57,68
ce97c8026,32
a62dba9de,103
616bbeb90,14
26ee00728,2
4b49bfc87,82
e6e68b7da,47
6df282095,4
6b3c00c84,29
f38c7346b,86
147d79f8a,4
1971e15b7,49
64dba18d7,0
eb6dbc774,86
11cd8f57a,30
0a98a2179,49
be75d9856,67
275fa220b,102
0bdbc4859,48
8716d5221,77
56697962e,47
1fed3b30e,81
fd25ed5d2,93
d06adb15c,48
47611c7b0,14
af8f3cceb,73
daa767533,82
f822afd0d,103
6a6689958,89
f56f35811,49
683e58330,49
3dbd32e8f,83
118a60f12,86
b3cc561cf,48
f39ff7ba2,103
fbceab432,10
a8338c626,102
19248ab83,72
dbb2bf69b,30
40cec32ac,73
1cdfd8172,68
64088707b,30
f21ab1aa2,4
f9c5a4820,67
99f271a51,1
7c734cbb4,68
fb93c4c46,18
d2e838de1,47
67556ec2a,49
a67e861a6,2
1d762bf2b,4
285ff0263,48
505472dd2,48
6f81b250e,29
bfdd4162d,76
7f0c3fad6,4
8faa5deef,39
3fd719b67,12
07b2feecb,76
9b49af313,72
08770c1d1,53
b8c5eeb8b,4
676bac625,69
c49f75868,102
68596af51,47
a86983a99,96
cfe6b80bf,0
ada4b9362,52
2b3d7a7da,25
718f47a1b,75
9a3fa2c38,30
43428f900,80
bd8830a6d,73
a5c902dab,5
7cd4cc27f,8
fea3b6b40,13
837a91c2e,49
bcc60f666,7
bead374cb,57
c393d0e16,90
2f4a6e151,47
8d8c840c4,102
a564e4f51,29
0fcde961f,73
8a6ff36a7,25
67cc6b5ab,4
52189b48a,49
26417279a,103
ebf692344,4
904bafc6c,82
bb4688502,62
597bcc032,37
9cf28dce1,103
a1bd64c5b,30
dbc26a259,0
91610e157,13
1a5b47e16,4
cbf0f9495,73
7a660b9f6,53
2a914ceb8,103
f05946c39,91
aa1db9aef,89
8e298b272,73
0021f0d33,53
da5d0dbcc,55
fcb1d086a,30
25d63647b,47
846099053,93
2858fae7c,72
3912b7506,41
fca2f698a,18
e7870e8a8,13
e416c112a,87
f69a85264,62
2bed40346,86
4bef06f11,53
664bad216,4
eeb2d5691,96
6cd33c3ac,4
4751e93ad,4
9a411636d,72
023520fc4,69
c563c699e,73
e3069605c,94
873590360,75
fb3530a46,76
07718a208,73
1aeda3f6e,75
88d3afe93,53
a2d6fcb7b,62
abd018788,36
97de1dee0,49
07e4f36cd,94
4289422a5,49
e046fb456,4
f4feeb150,72
8005ccb52,77
6b4fd7e01,102
1d6fbd789,47
4779122c2,48
5ea36cf54,36
3333af434,80
8012c6779,68
fe40a3dae,4
997262689,48
eaaeacd1c,73
cd29fcb6b,82
9ba7dcc7a,91
ad74613c8,78
b1de2b162,103
7d32579d5,103
3ff1824db,49
0ea779a14,74
653dc3b58,67
f2cfe18dd,71
061e3b226,48
6ea2b0e7d,67
ce6f860f1,33
3f4d7610c,102
e181cdda9,53
869035e2d,68
69ed9d7a3,68
5bc1503a0,71
db4859b98,89
c4c67ba42,96
f2d9b993d,90
656ea8ca7,53
ad06e1507,73
08302b7a3,21
5edeca301,74
003b89961,49
caf89a8f1,58
55603d86c,43
ccdbfbc8c,67
52232fe3f,49
f4ac8bd6c,103
5607b2020,39
3edd04c83,58
964412965,67
089c2739f,20
04ec1f692,4
6dc57d8b3,90
577136af2,46
a76407bf8,30
684a48f58,68
39327a0dd,103
26444f504,4
061988edc,50
4fc55f7bb,5
3ad81fa96,46
c01254e45,87
6461cf7f3,28
7723a9059,73
92b24e585,87
0b027c740,29
6b5cf2a71,53
ad0d1c07b,13
63d72a8b5,74
8ad5daf80,75
170517f38,0
a4c653f29,46
cf8ee02e6,42
bcbc0ec93,8
b6559ddf2,50
b2d223ece,48
b167313d0,31
b72fe5b8d,29
72848173f,53
ec7f6d106,102
916e18133,46
a3d0ecd9e,2
121fc6463,0
4c613566a,93
0cbc27679,102
e9a53e9fa,72
ee6340fc0,49
aae8b6cb7,73
72033968b,50
f281ef28e,103
f424ad351,103
b80e5bddf,67
8d94bd8b9,7
91275fda4,42
490efc553,77
98038f676,76
e9d6bf3cb,50
54419838d,53
c0edbe84c,95
3b6e604d2,67
d4a2a2f29,76
79f689862,75
4c0f2c1ad,45
5d171dcf7,102
56a71117b,78
7cc00d3bf,67
6759ac31a,0
2bb868394,99
7b506b5bd,31
4a30cdae9,0
f2a35c7cd,103
202eabfc4,13
07b1b52f5,67
075d6bb86,87
d0a654445,87
847402c34,83
ac1af6f95,53
24d5596ef,103
9a879fb6d,4
2cc73c0c9,67
d7c723881,67
a0bdfb2d3,94
7605a3733,103
0c8abe310,9
c210cba33,73
5ea428031,25
14a804b2f,75
3919d8ac5,56
47830a2a1,67
9cd6277d4,101
6e16e769d,68
5e003d916,87
73d04b4a0,67
baa4deee5,67
f85c3cd52,48
eaa8b622b,73
5f2c16024,12
2bd2ebfa9,4
4028851f0,100
0a8a36c25,90
89f3b6297,53
fac4230e7,82
e810fbb6b,93
4c91c2a8a,49
2b47bed50,103
4698789b6,49
8965a61bc,76
d9268cb57,37
f5a7cbd09,22
6ef0b83d0,61
68d5dc3c5,53
9f3fabc70,47
5ca912390,102
82316b58b,45
52dd86f38,64
ff2804289,47
881336587,5
cfc106ac3,67
6021f47e4,102
c2b3daa2a,25
97dbf9d67,13
654504abb,67
7d1005a2c,26
465fca558,87
7f5479556,4
2c7ce5049,49
e955870c5,45
63e2e3e4f,103
3b7c11d3e,103
ed087f460,94
9cb5c3012,67
298ade3a4,49
d907ca7c0,13
59d1b6146,70
d4ab201b8,82
48c96bd6b,73
ed308c95d,30
7b437ba4e,9
035f7cb0e,49
1b7aef8e8,79
38cf8682d,4
d6143b4d4,4
117aabfd8,29
2f90dff16,43
2b5d0e5c2,72
8e7173502,103
b7a8c231f,48
ae62dc8b0,7
f42d2d722,47
a29fae12a,29
d69a2d62b,53
5eabca233,23
0d27bbb79,46
9950111eb,67
099a2107d,45
e7292df85,4
9924275c7,49
e345afe29,10
97a7c1e5b,87
48f82311a,9
bf54b2c66,67
774e6e2a9,48
89c87633a,91
3da7e8585,78
b51c9863e,43
2d3ea8986,103
03c9840a9,30
e5f6dbca4,48
a8a8b4261,74
083ee0c99,5
65d1f9b28,69
49ebce8a6,71
359625cf3,40
6aaaa29e5,53
05a947c38,50
01c633ff1,74
fb56bcd7d,73
23253eaed,68
39e216b40,67
eb64f3c3f,94
c4081a31e,68
b2a655d89,39
20b97d483,74
c0a83f8bf,13
4de97f685,59
1f2eca93a,72
0a9e05e74,80
2b5f79660,67
36f02d6c2,93
1a2e45581,79
35946cce9,103
eda20ddee,67
38fdf8c81,80
2618facbd,72
3052916cc,95
7530384bf,4
b022bab0f,59
14ea3ffb9,58
202a8996e,83
c4c802142,49
e2cb25f6e,22
26b8d61ab,12
485a5ca01,21
3dee899f2,88
6291210cd,103
3085e18eb,77
26a9dc162,66
c67446d52,94
e3e51f37a,103
5b313549c,88
21b24a7fd,12
6182a0538,67
abd425a9c,101
0ec8c4296,48
d53eb8a52,103
f0b002c23,47
72b3fdfe8,67
6fcd677ac,13
777ef8066,67
007d156b7,17
bd9cf6b4e,4
fb4b0daa2,18
fb8d27d87,80
d97675b32,0
c9cb86f46,50
dc2cac36b,29
df5a78c3d,67
0d5f19588,102
3149540a2,73
084919197,67
274009fa1,40
3b39970a2,95
45162353e,75
c71b3e27d,103
58a01b39d,7
9c54f2285,10
cab155898,46
854ca7f47,13
f9618eb56,86
87b9d4bb4,67
042c90107,74
5bc1ab931,63
93100914a,4
8e612d36a,102
1c435d13c,4
37997c432,49
60a51b6b7,49
6f2bccdac,77
42ce82871,48
b25179fca,49
1951c5fbe,103
308dc8750,64
08516fa85,50
f437c8815,97
f41acf49a,10
48490759b,75
b840c68bc,67
96f729725,50
bd2e8c9b0,103
f97785498,22
71aafc964,53
fe737e3b1,43
2861b1d79,58
7bc968caf,91
b63ea2bf3,79
00f9d0e97,29
a3d606459,49
ca9f22cc1,13
c33ac1a9e,4
5940f63c4,13
26bfb56fa,53
7f7c6d039,70
5745b1abc,72
adca067b9,94
9e31cbe3b,67
0df8316cc,67
05ad9d40c,4
5a0aa798c,70
4cb8ab033,60
f616c93fb,103
86f4d84a8,30
d90cad151,33
69239f8e7,13
d9a8f22b3,49
46656822b,73
bf679c82f,9
4daec49fc,4
cdedc9d47,72
49f972c08,0
40ebc99bd,4
123a13515,67
8c434769b,0
afe1e4f66,73
8507d1b5e,78
39e73d88c,73
26c144947,102
30e68f7e7,71
5de25f69a,67
345f66bc8,13
ca1cef6bb,29
b0c7165ba,95
ecf4c1f5a,86
720920606,77
7a5dfb158,98
33096a299,4
6c9aa2460,71
4383d6782,103
0cea1df9c,81
f353716f8,77
377c89e04,71
bc8917394,72
9ba782fba,48
cd053695f,94
4dde25dfa,7
132ebe116,0
89f46bec2,68
8afe59d10,52
4078e0b39,67
fb223c3be,73
4948e3ecd,5
3f315b0cc,103
b33fe8ed7,4
de882d4e8,4
6cbca5559,42
7d9caf815,0
1b54ef9a0,103
400353bac,103
f2809517f,102
65ad21fda,0
65d14bd99,103
2c009b580,84
7be2867e1,50
8daf31854,45
ae6e725ee,79
f61465618,79
3b59b7879,76
003882deb,9
0510cce3f,103
e8746af68,49
eb09ff6cb,7
8f9a206cd,94
da2d31c98,4
e72d6bcc9,67
b137658ab,4
c162978be,49
2cf137648,67
ec40512de,28
0d7c08885,67
53c6c23b1,67
f3a75828c,25
813efb8b3,83
ed91bd814,48
c8c88493b,93
7a6ba7fc8,68
0b8824c7a,24
5b646246a,43
5228fb3fa,89
fe75697b0,67
7eba030d5,74
a7eb19305,73
27e7900b8,52
20563ebbc,67
a167a159e,50
9c1fca4fe,103
789f0394a,61
0a825b67a,49
d19fb376e,40
cac4474ff,24
5e56f69f6,72
30d9b6204,70
adad9bef9,93
cb4330abd,78
f01658320,68
2acaabdf6,4
6d8ba2cf9,55
d0bd30dd2,82
2a9af9154,32
8a904fdea,103
7db7456c8,8
8eff39ec2,4
006afe0ef,91
f68529efb,53
93efa8927,67
74cb419cb,41
a425fc6a7,48
d5e4303b9,7
bce769fa0,13
165ca8a81,59
7b63ffb33,49
467a87b6e,67
a546be8e9,4
e15365337,86
22207b7e5,95
6d75535dd,11
2a5d624ae,67
1ac744f9f,81
8b4182aa1,67
b41fe0aae,82
8e96d5481,85
40c67cca4,47
2ce2f09d3,4
0f58c281a,46
a6672b875,29
48b580700,67
140c059f2,102
b1fd7a2a2,62
5eb156e33,103
0fd1b5059,67
16c7a397f,48
3088361cd,53
e958b63e2,65
1749a6a95,5
f8eb6ec7c,79
dd7f0f72d,83
423c62bbd,93
e0f242a92,29
6d2e2b6a2,78
e9a190503,12
2bc5a1d42,67
c2a78ef27,48
a11918aa3,53
832bbc430,4
92c92500a,10
501396f2e,62
007455d6a,11
79bf0f076,6
acd61abf2,77
1c8c53577,0
9b3779536,80
0210ba20b,46
1157fe26d,72
5ff71b40e,13
c7827133b,50
f458034d1,50
b390e248d,93
973cdaffe,5
cebf5375e,74
cfe74bfdf,68
fc354c0c0,77
49f2ca2d6,13
35372e4f4,103
a77db045e,2
d96704410,42
4f756f230,51
19e44b02f,81
ff02d53d8,73
3c3316506,56
8b2940362,67
87827d39e,57
7d5a95675,73
ba9fa9f30,49
6143c21f2,73
dd4899180,103
d34ac237a,50
07be81d64,67
3ca06eba6,103
b6bc88c1f,58
df4ae0415,67
c58d1fe16,72
8253629c8,49
b3411ee1d,49
d8136729e,80
6ebdc31d7,70
d779dbe77,47
4de9ab35b,70
a6ff6f81a,52
12eb5dc94,56
d0989eec5,4
ed7123e07,102
af6ccfeca,91
db735ff57,18
517ed388b,67
b26f33224,4
8e07336d7,47
213cea039,76
53cc94634,42
381bc1702,102
656c8e1a0,78
e20191edf,24
600693e8f,71
0501292e5,28
18b1c8787,94
114c7355e,0
7af25ae57,102
29a77c458,13
a9eaae137,72
ab5f64570,13
c548502c7,24
bf4bc1677,42
4415b68f2,80
cd88f6d4a,28
ce434f86b,89
00d32bef1,4
b2662c86e,94
7e8b191e8,68
ddc1eacff,0
14e124c03,4
83bb94c90,52
79c1a3d97,73
015a601e3,15
5eb9825ce,93
4cf4ac658,82
8eb64dc4d,96
3a9ac1cd1,49
afa3fc6ce,94
9f5dfd81d,52
f0de6586c,93
6016dd857,67
e240c69a0,102
6896b5c5a,102
459ef45ac,84
b6203cd3a,48
e25ca1054,4
143e26686,6
ed0be72ef,93
fd33b68d1,67
5b15fd082,100
22bca0aa8,47
4646117ab,12
d539aadae,29
83302ca82,46
ad153ca7d,75
6a3e093a7,91
7182235fe,67
03333ea62,70
6fb943b8a,103
0b3c9e1a9,14
c61f34131,102
ec68ef123,48
c95269a6c,48
0faa6c65f,97
e43587721,49
59372c831,103
053198ea7,75
f60ba81cc,82
5a330e7b3,86
7d58bbc35,73
5622bbc0c,68
04fdbddd7,7
009216487,48
a7bff7fab,67
346d6fc1c,43
729ac5e06,0
2669b2dde,75
08c71ca8f,10
11bc7f078,90
5a11b89db,68
46d095eda,47
9a863b9ee,75
c964a7aa9,49
58ffca855,73
7db868b36,82
8de4ec677,102
92da88798,73
aa016ddfe,4
1ac65f43b,47
58879de83,69
924218498,53
366fd6686,66
beb9f80e6,103
081ee9650,102
bd4f8c863,68
fda794abb,81
ba49d2dda,102
314dd31b2,83
8e92c9811,81
4630fb885,103
6aa485643,103
547815be0,45
4ffc57a98,90
dd4cb3fbf,39
e2c4e9c91,27
7eb988267,73
934072bf5,53
8693ef6b1,5
08bee6dbf,93
cb59a4824,67
d5400cc1e,100
7f3e45975,36
ce824d546,76
31ad8f4ab,87
c1f89f237,49
fa19200be,34
5f4162c42,56
8571d6622,45
e8226fb9c,47
cc4399647,0
7edbf1ca8,71
872eafd2e,94
9a9255c3d,14
a9cb1cf8a,18
1c88f1550,67
6575f6563,74
9617ba69c,94
e2fdce920,4
c010973b8,89
5d3d71c05,14
46017b3ea,4
807ae65c5,47
d14901985,4
0875c4f20,89
5eb03fbd3,67
61d0998a4,48
57ff5b255,68
4746340a1,75
abe2e74a6,93
cd6748273,86
ef21b581b,70
dd613b9f2,76
fa434878b,67
d1196d6ef,49
74bcea93f,67
ec6b3bff4,52
33aacd395,47
2957381ac,13
adadd8f7c,80
c29915daf,51
3f3280fd7,67
9a3f6c785,74
536be8fe7,88
edbb2c2f5,48
1f65738b8,51
9009c7887,80
afe70f1d8,87
0308348b8,14
72d528c13,39
441f60624,93
8918114fb,10
734fc53fb,25
56a02070d,50
eb92d9778,17
630773b7f,69
392d4f5ab,77
057d2b6d4,58
51f607616,14
9174ed35c,50
b6eb04bf0,71
9efbbd641,68
74aaa5e78,5
330ca12c5,52
a2e48b4b8,63
498de5a90,47
6802325de,17
3dff55658,81
61547bf69,103
805d8722f,80
310f07ff4,49
29f49cd83,82
1a0d4b775,4
b84a40e10,39
57f7948f4,63
3cf28a050,79
5ed355568,82
2c9e28482,79
700cfcbd2,69
923e37397,67
17c8dae41,72
d78b3b629,83
a0ea70e97,28
bfe43d44a,12
9372a8558,80
854453303,53
8a81cba04,48
a41d29902,103
48d8779bd,94
0d48d68af,30
f9c4254e7,14
0e538051c,4
19a795eab,42
856717f8b,4
087a71f75,45
121fbeff6,81
1101a003d,29
064d949d6,44
aa85a14bc,71
bf195e5c1,48
9d388b6f4,4
9d96a6d82,53
72b388c16,48
42cc20908,50
4347196c6,83
8b7a73f76,47
57cdc3f59,90
1134b4a4b,102
67b85d53e,45
e21d2982a,88
ecd73311b,4
14519334a,79
36a930b87,80
5287898d3,25
bfd8234f6,47
f1f288bd8,97
42a9682a8,24
4a6513e63,49
ca3dd51e6,48
3a44b1b54,77
2f36a9903,49
f90f6d589,103
2c8b6d457,93
e9cf75605,103
a8428cf05,73
30df475fe,103
be9d52ef0,82
ff37e4d13,5
78a777eeb,35
f229ebf45,80
88f8cca3a,53
53d90c2cf,72
d8d27a914,4
20be2b5b5,55
e95556293,85
64c056f47,103
fd53118ce,77
ef40d788a,68
69ca9a78b,13
b260d939d,53
5c88d781e,68
8e90cbc5e,83
f77e765b4,14
a2b22b6cf,72
acc5f6c4f,44
18c42b6b8,4
0b982469b,53
67b0d01ea,49
c46f7eba8,18
9989acdc6,103
9cd8464ef,73
6a8de3c09,90
306cd2f2b,57
8fb591dd9,25
d4bd9703f,69
301315f25,47
40da3a46b,0
71149a63d,67
7d5126c94,75
a0301d0e5,68
af181a2a3,10
d495d29df,89
7eb08a18d,73
405bb5363,103
c76daa7f8,7
515ccfe7d,13
435326c89,103
57b90f0d7,76
f86503c22,67
5c9aadf3b,73
b0ddbab02,99
bdbec7ef5,86
974d0a175,60
be75bee29,47
f10187efa,49
f9096c83a,103
74837e719,90
21191d2da,73
8b86c4635,48
0dce2cb5c,16
2c2f59092,99
a29695033,48
4cc12b820,9
8fa62ef13,103
b3faa4ebc,71
6d0419afe,26
4f7f265b5,73
fac66356f,20
3b6693e00,14
b74047d71,85
5d59f9a69,45
49c1a8313,73
33ad24008,47
5608c05be,67
63bec561a,77
465605e5b,65
5359b52dc,14
9bb756baf,103
cf86bf7e0,30
232a50a3a,40
3b60b5bae,77
52c27c7e0,96
f68109bb5,38
12b630964,28
72e6df7f4,49
1151a0d22,102
d3cdb9655,102
84412137d,53
ff0e67f2f,48
145628804,52
35d5521e7,53
f6dfa3eaa,67
cdd700dd9,51
8d0b21b05,91
730cbd08f,95
a0ebf07d0,17
034fca563,103
6386c2d78,0
50ae0bab4,42
d17630e6e,48
8d9ce649d,73
d1edcd33e,70
f23084f4b,76
a19239dbe,75
9351e7281,56
6a1072588,51
4f5abe367,13
ca256fab6,0
b9fb466af,53
967f27ca5,91
60e283191,4
911ecfaec,69
e053b45c3,67
0be920d76,31
3b66bda54,4
e82201f68,53
adce755bc,10
bdb951b2e,49
0a2e4e1f8,68
af511f5d0,80
30da0fe81,11
77aa8505f,50
805a4dfb6,72
6569b16eb,76
8deb17128,103
4efdca978,75
f1516a306,67
fec748ff7,49
721e72651,50
eb83e32a8,73
7244c8b3b,43
563ee45dc,83
2c2579451,12
fbfb8db0b,4
cafd03a2f,102
e8bf3b5ec,10
11ce56786,29
8e8259669,103
64a1bdd75,49
8a4c6a3e0,11
aa5c575fd,67
a1dfe6e17,103
469301bcc,1
39e2183ff,67
96c6c97f9,102
4232febfa,73
7d47fa7ba,67
278e6c9fc,28
5554ae705,49
51eb14267,103
6fcfa47b3,4
92d062d8d,71
e0df04630,17
976e6375e,78
8bfb79995,5
82aa265b0,45
4191c5547,49
44ad68c26,67
ff1935c29,11
bed5ebc31,84
c52b1e973,46
ad7707082,48
d7a64d386,67
4afa6c98e,45
d8bfdb6fe,67
704dfd7e8,86
c2e2626e4,81
fcc54c894,73
09c208a92,67
151cd8478,82
d7b1f9c1f,67
030364f27,73
a7b14afce,49
f9731b808,53
e7ec33080,62
d2e37916f,4
b12c4cea9,103
083109f62,68
6a2552916,14
5e84a449b,4
d5f6e40f7,69
83f820e61,67
b043db93b,51
a4513ca36,102
d470e311a,11
3ffde4543,49
ad81d29a9,7
9cd366371,52
79f507d4d,13
29fd845c1,28
d5b001638,102
0395f93d8,94
58379dae0,27
950c30887,75
01163c5e2,67
3474e728f,102
ad3eb529c,48
21c3d4a53,79
0eb530d0d,102
a6ef2c9ab,49
c9db9600e,52
495e8216f,30
25b7cecbe,68
ddc839a0f,82
14b239870,49
c50fdc486,56
651d0b2f9,7
c0825b4f8,74
a1b523d1e,86
9f905ae2b,51
6fbef3988,97
be30d241b,67
e45e707db,14
57f693d04,48
7a7c505a8,18
946ef4894,4
5906e9893,49
eb0f37d39,83
735783bb8,82
537f3aa34,86
4df5a7b4a,87
4d7e7b6cd,76
e079e7ca5,9
c3af619d3,0
024ecc6fb,77
e788cdf9b,56
39bb94d66,51
82a37e873,73
4217c1328,89
21a5f41f7,4
eeb419776,102
8592e5ece,73
babc5e002,67
e830a4d93,30
1b0656451,12
031a7c19c,0
50f33fc4a,89
2586669bc,48
28f0909fc,86
f99c51769,53
e85121a2c,49
691ff0015,87
41f7c2604,61
1218dabe7,52
548fe4d32,80
95ab27ba4,67
2dba0571f,83
90bd4a9cf,67
5f024c911,9
789e8506b,76
d483748e6,71
a016dd653,49
ecfc076ab,20
e7638c0a5,0
a5f5634a7,75
46d056d14,52
70e6b4f07,46
36112c4bd,67
bb91e163e,102
2575123f6,67
7b1177392,77
3d087513e,47
04a7f34aa,67
b8a90ad87,62
b83336a9f,4
10101e982,67
110dac9f2,24
96d8b0c1d,67
e2b90e868,12
65a3a7b6d,30
284fc118f,49
35b89eb8c,49
65c796a0b,48
ea755b7f6,39
467025843,53
5dac2f949,45
977ebbfb9,103
56cafc1c8,14
00f05ea9e,4
738af3f29,67
c5f7f7fe3,68
09cec0e8a,45
b7c02d7c8,102
18d6844a0,49
2a40c5664,91
a11aaec4d,12
e555f7ecd,103
f0f2f3e0b,4
0186b465f,48
a3a17500a,14
674e50421,50
597ea383e,73
35659b2ff,67
ea36e1b93,75
e109f9b0a,4
131ea4f52,49
fb78539c2,81
7a9de4b35,67
7cb1fb42c,18
9d38f1232,10
4dccae9a1,102
88621ac35,83
42e378280,93
64213e873,0
350182af5,97
aa32d1bac,32
501229169,50
9304e605c,13
7fe424fe7,4
8e2bff6c6,48
19e07f757,42
18ed42876,71
30e800167,103
b45121ff1,48
79f93fc6d,67
0d6befa42,9
36444082b,52
19b046852,103
991294873,48
693fd2ef4,47
80ab4469a,102
06a271f97,68
a35a4626f,102
e56916c4c,49
bdb501796,4
f0da19dfd,79
3c36c119c,48
34d222c51,75
da0a25a77,73
071eaaad4,90
8cd1b6545,24
a9855f136,4
224416fdb,91
c86cce658,103
878bf09bf,103
33ee9899d,67
392443fe6,12
fc13d942e,4
9fb9a9e81,13
d2cd8b9fe,13
313055a9e,86
31ee17f77,49
979d4369b,65
ab3bcad5b,73
435e0f59b,54
323884b26,30
e207a9c22,49
139aad8b2,39
c51ad1704,76
c0e7198e2,58
5699993e6,14
67dbffd24,45
02073dfee,29
51d113f3a,73
831348989,36
618ded9bc,99
f0fd3d741,94
cb3ba4df2,50
ce3c158fa,74
99617ebe0,23
1c4736dea,28
a98328317,14
6e644aad3,49
e0098a158,103
98f62f563,69
0ae82a090,86
855229539,77
73a3ae7ee,15
512aaea7c,25
410639882,85
b57dfb28a,25
5b87d8d4b,43
3cf6321ab,0
885f2eac5,86
a83db002c,80
f4cd5efa6,69
ac0930c4d,75
42b0abd95,50
2fafd906d,81
73092f468,67
41ab6b40a,49
401b6e0c9,14
ac6d42eca,102
473c84ae9,13
4e5e899bd,53
d9aa13213,29
eb86fad74,4
8756842ba,102
efa3cd848,70
41f6cf7e1,48
c476f6495,103
b1041fc0d,71
954d0fe63,14
6c6ba5d80,75
8d53d2814,103
2b347b559,57
f5b855bb6,92
33f20f40b,67
1ee5a55be,28
45c6bef70,73
22f63c29b,103
c251cfdb5,75
ce71e2dfe,94
c2915a59d,49
94db73148,40
9c2f4d9ba,50
56e5b72fb,78
58c271df1,103
5b8579555,63
4c1b8a5c3,4
c145a87d1,67
62ea468a3,3
54493a1bd,49
6e3c0fddd,49
558548e53,67
0e0caa0a2,4
a0277cf50,97
ad9a77e7d,0
58dc520a5,34
9e3425ede,4
80c048cf1,4
e8c49e13f,57
ea7342d9a,86
e8612373e,75
f20ae4712,53
58ff8f465,49
165766e9b,10
d9f3637bf,13
ad2e27bb5,9
41beb5c12,25
689a0fbd7,67
e0c7c20d8,5
7827a1d5b,45
13330e605,55
c2a426d70,24
206b27d1a,81
07550addf,7
97f545d6b,88
a8f945820,53
600bcfc2b,28
c127de43c,4
299e1957c,48
df723f46d,77
c9c069119,95
240684145,49
8f215711b,103
33fd32684,49
f29fbbe61,96
0d9ca96d7,74
a80f444a2,39
8a4293e72,4
e1177c121,53
06ebbb560,4
657464c72,71
b364e8688,70
56f6e9dca,67
65ad58f26,21
264d83a6c,0
1d73dffbc,67
9a302252a,91
1fda84008,82
6b227f122,30
492cb82ee,91
d2b357573,43
da83fb069,75
4e6d9fad8,43
501117624,48
6a414839c,28
27eb5a7ee,50
6f4179bbe,102
8cb3a6ba1,4
9dcdd11ed,75
05dc093b8,43
57cd097ae,73
5ced5d4a8,4
98dba17d5,10
4c9f8b6cb,95
049402ee8,102
ab218ac50,91
7457a241f,53
2deaeb284,43
2b95366a8,0
4181595b9,57
9debacefe,73
6f509e3dd,50
05c9fcf03,53
656cc827c,52
700fe6ff1,103
75001ddea,54
470697d01,49
011d32580,7
bce577229,102
35396fb82,30
577a972a4,24
0b9841d58,53
940485a6a,103
daa970cd3,67
905ed2774,103
0a159c5f5,56
9804741b6,53
63655033a,62
5536e05ee,30
cc9db3d3f,49
0551c57d5,62
3aafc89b3,71
c27d7bff9,102
7aa990232,24
288510b49,73
33948db2d,50
d185711fc,49
51c386b65,10
45c11697c,73
5d0017929,91
c2300272e,47
f2d41d6c3,4
1b6242f80,67
e08032ac1,53
757541c30,22
99c14d554,103
270611007,55
c2d8b52f0,25
a22110e6d,13
cb697da69,94
776fe6e63,80
7db72601e,67
e32696dd7,69
af5e2bbd4,45
8c6fd0ec8,102
18d41400e,13
207684fb9,67
a3160e2c1,73
6a63a8764,73
e3c7bb70c,68
42b92a427,63
be2773579,14
396d20b5d,71
5bae6010f,56
059ea5059,12
5464a7e4b,95
9a513b251,36
8a693ad10,51
f421c6ffc,73
965dfff6a,57
f096291b7,67
af4873fe3,49
0e6cad3b3,45
329d815e5,93
dbff9bca9,77
1d1f028b2,73
1f3e62b48,67
0d989f57f,72
1394e9ef2,103
26a59215c,4
e9564dc47,68
598a1c3d9,68
996a4ac53,49
e3efeee68,72
29026b0a6,98
88f6fd6e4,51
bed5e7833,36
ce17d08ea,82
22adafc7d,16
61f976a63,77
8816f311a,5
c0654d4f5,69
8b8836103,45
462e25ba9,8
abf7ceca6,4
fae67c6fb,24
a8b29edd7,83
bcbb5c787,96
5d06b5c76,41
692cfa850,50
2b8f0ac5d,4
a67c5bc5b,53
d8076fc39,44
57ca642dd,102
e8993867e,49
07aad3ba6,41
d3ba42b8a,4
0bb9c3f30,96
72b64a25f,87
a66f7bbc6,4
5c8d0266e,90
f7ad645eb,103
240e151af,67
a8b46288f,5
eaa6a3f7f,73
6233d3e01,76
1ca8e07c2,50
55a2149cb,47
22cecb30b,4
6e7629a9b,81
3510270ee,39
5235c6c53,54
ac79edae6,23
9c73592f0,67
a05c1a9e2,93
29a02c757,63
a6ec0a798,53
9aea1d3b4,13
4aea86d3c,27
2ae85b034,53
dda771b4a,49
2ad779d27,4
9fe8be4ac,75
e3b9acc43,41
b80ea5db7,47
3a01c3e88,59
cca529347,75
a9f3ec5aa,49
a235500d0,66
868f3ca31,52
012f05d4c,67
ca2cc5375,4
6fd250f15,103
5fed86a73,49
4fe780b27,50
15442a507,5
7ea4fd1e7,44
02821f581,95
7ce82e1a4,73
a81b149d6,49
4b4223c92,14
29d710a29,75
27753debd,4
77628c813,67
e00cdee28,53
e87c94e9b,41
5a5fbb94d,48
94c53b0c3,43
18e22af9d,48
8ca2371d5,4
334118e8f,0
c8b1673ca,67
8e70982a4,93
7c2f23622,7
79a025018,50
bfcedb4e7,59
67e65b379,72
1d1b18d38,69
29040ce6b,4
474219bf8,103
d39e4ad87,103
bfb86b915,88
9f447b11f,102
d503d72f3,26
657d7b6d3,82
347f41bd1,4
0bd70c4ae,94
d493e1205,67
f6f0e3d49,53
4f855f8ce,90
ba763e4ad,73
53cf1033d,4
2367b5056,53
a7f1fb92f,67
cf192fc6a,48
0dffe81ea,97
e8c36457a,87
5e2692d15,6
1c5a3287d,95
c7ab8e645,53
db9c84b18,103
1fb27e305,87
93e296cef,35
53cd52d9a,51
a11b09e07,0
867374cad,103
70e87c482,91
c357e5a70,58
ec53f72bb,33
127e61a47,49
2994ca253,71
156c0950f,72
82a14f17f,5
6eeec13c3,82
8559d49e6,87
5e45c97c9,43
9aa2210df,46
fc3f3fa1f,28
b1adced44,49
04cbe7a50,97
35e005ed6,96
df38bb8b2,28
79522023e,40
b56ccfec7,48
8b423a167,62
577793268,88
d3f044336,49
e9178e294,4
8cb48a7e4,43
516a450b7,56
7e58b251b,8
536842c4b,92
2f8b40852,71
f93b17627,47
925de0d45,71
5233ee8fe,45
fe1615399,86
5d17abe47,14
b80695478,47
0905820a2,96
c90a12d27,7
b5fdbbd19,81
1e71b66ad,58
74a2503cd,67
d376c4365,55
60372c4bb,97
4bc167a81,4
6d822303c,14
988f93442,30
01863f6d7,49
7cb07f8df,79
17f8af701,68
5acae87e6,0
fb87ee5a3,46
7fccc20cd,103
4d4c87a41,79
6d233727e,11
1fea6253b,94
c3432750a,4
0fc65150e,15
b1066d5b5,65
48b84677d,32
a324dcaed,30
0fea673a3,52
f8da03f7a,75
41a1ca700,79
035e7fa21,68
4374d5272,77
4f21ae7b6,49
92ec435fc,14
4e99c537e,4
d28273036,74
0bc95f66e,72
a31e545e0,4
dede702d8,22
5cc2f95e9,90
79ec6e32a,37
f534d4ae1,76
ae804f35b,75
e4ba02634,0
79335a465,103
187b49cc5,102
3e629f05f,72
8a4dedc87,69
c128b1e28,29
9f80990ad,103
fee53d77a,73
e87044bc2,12
82fdce8f2,12
75753e7b1,47
189976301,8
3433a69c3,0
f84be6387,47
a39a47b84,4
792982c6c,45
1d808a2d1,91
4ff518045,67
aba2f346f,42
db53bafc8,56
5a3dafc67,25
77b8cd935,70
532eacbec,95
2ddbb0f83,80
5ed06cc85,47
0993a96fb,45
ac3ed3cb8,67
72d1bf434,34
8a5e6e01a,7
c3222a379,59
b7ad7d574,103
498c0b419,73
439c8664a,86
78b988645,43
9d8d9607d,53
fdc6bab48,48
07565a412,1
1f411d101,103
6f3f4d188,67
ec07ab0f1,30
8b0062584,43
111581957,9
fdf7c8fe5,49
4bf1812c6,67
7da20ceb0,62
57af706df,45
f1495d941,67
97b3e2eb1,16
038c1315b,71
4f87dd5ae,67
1d51372a8,73
2af4172c7,56
0f40f447a,7
0aaa84d90,0
6f0d8372e,82
f69023f40,103
9199afd98,12
b57f26c3b,73
334df9a32,13
9cffa1c67,88
e758b0185,13
4ea0a3352,4
de8fd4020,93
5567bcd26,49
470847079,76
90956475c,50
f2ef2873a,43
7afc693b8,98
5628f5deb,96
c1435ebc0,32
af7eab8ce,64
534764190,103
a8ae0ccc3,31
18ad828b7,69
75906e681,73
ee578c08e,103
bad8d3e9f,53
c63427eb2,99
730d2b0f4,67
04758b7d2,56
2476c4270,49
0aebb315e,87
0aeacb28f,103
6c8eb5daa,49
6d260c2c4,70
5e2f03974,85
42f3a0c03,13
8e681fe39,28
2382c277f,75
d314c03fd,47
a13259e0d,46
5b3de280c,81
5cc793cd8,71
95a484b75,66
e72c5d3a9,71
0094a72e4,52
83f7c30e9,67
2e8a14696,53
001e13533,41
a5a71637f,68
978d9e4ce,18
0cd2a25e5,76
201a74da3,27
e0fe7e2d0,53
67a3ff9db,90
e7661164a,103
af8f1a4cb,80
9f0f27251,102
2a8131dc4,18
097dde704,63
656a556b0,80
a45f859f5,87
8a9b13bef,13
d8749b8dc,90
99d0b77f9,93
6b8989275,103
805f78d97,82
c54d38d9e,94
84b6560ee,25
c08671252,28
ccefc605e,73
c548ffbe8,4
c90849e35,75
4fa678f28,51
5db83d658,103
ea41e95b3,93
a5566ef23,53
ef8f495c8,67
c6e5bc142,67
54dc06c7d,46
bc08f60aa,49
b17ebaed0,79
6a69a6ae1,73
1513105d2,68
ae78a484f,103
b64db46f3,67
71d454f1c,103
bc9873f0c,41
2ec1937d2,68
cf3bba4c2,101
5083ce580,37
903d6d1ee,46
f7fe0d522,14
0f9da9757,67
d970c4ffc,24
a15f2da3a,44
f62c0973f,67
2e9790332,18
7e8d0ab34,48
754250691,72
070a1abea,49
ee053208c,43
e68152d61,4
05071bc4f,93
c93150ab0,88
9ddb372cd,74
6bc2469f2,73
e0a96117b,67
656851f72,103
98cd24c97,4
c6c801e09,67
8925b37f8,67
ff2e1b825,103
b909b96d7,43
22b20a20f,7
1f42a9439,74
99b639774,72
af8b9e043,86
8b31b6453,102
7e25fdd6e,52
23c567b03,93
bcebc0b3a,49
42090e3bb,77
18fba1554,52
99e7f0526,14
514b8d03b,80
546ea2a87,67
abea787cb,75
1f673a775,21
7300f20e6,48
23052c6f1,77
1867b3487,4
ba23c645d,45
6a3ce1e4f,4
4fe7886e1,50
fe80ea2ff,29
116dfb5a5,55
085ed175a,77
ddfb8f27b,34
6dfa10ee9,36
3c98993ff,102
dbc79f0f4,68
611876e26,30
0be01212b,95
15bbc7306,103
6eefb96f0,40
26cf9ecfe,73
7600dbd87,94
06631da4c,0
603490d95,66
738116e15,41
d00342c5d,13
24526b077,29
21ea59543,45
8e07cbf1b,78
f6fe43282,5
7adb142c5,49
ae05e03cd,79
8d60b7464,49
6485978a5,53
a31b18ea9,19
eaf6fbc84,73
413305146,10
0edbc1625,4
0623719c0,4
4a99afdbb,16
8a1f6d193,82
f73820e9d,96
79c5126ce,4
19466d61e,53
43e458e40,67
ddb15721b,48
66f455e67,48
efcc34447,48
2e1a7e4a8,71
9d3360932,9
763b49b1c,71
ae6ab4563,14
738989c7d,14
8afd1d330,47
7d04df1ca,94
b8f76869d,95
9244f8d54,22
d8f8bccc5,53
97808297d,24
4cacbf1fc,82
337ffc67f,82
e64905c2f,4
dfceb73a0,8
269d88554,25
99e810fa8,95
b108950de,47
974a99cd3,53
38477b2a2,53
07d138d01,77
69dd8b98f,74
e5eca71e3,4
bfe670846,103
141ee85b9,10
baa258007,25
26f0c457a,53
73654808f,43
60c0ff1b2,22
6034d93d9,16
b82ef433b,49
43fd926f9,50
a0affbd33,4
3a9b30bf8,56
a195eb3f5,67
e557fab37,48
1cb630a6e,77
7859791b2,88
124b3526c,27
6c77db7f1,103
2c8f66cc6,48
44fb03a32,98
ce27113a5,73
b9eed2baf,82
49fc70cb5,91
5a078c961,94
4adcfb275,53
50a98f706,103
f52f85873,43
30e82e694,29
ed55bdf99,45
0be370901,25
68e8b6b9a,102
87f8091d2,49
6db9ae896,67
ae4b7aec3,103
d9a466069,95
78ceb6218,53
ccde3ea45,21
40ded13ea,4
18ce23111,67
d81994ed2,79
175e8c4fa,43
1375fd010,73
d415cf45d,103
61ff4902a,4
848c7cfe9,103
fe214efde,75
d16bd1260,82
b364a9362,14
0cec3ad84,48
d4e9355ef,4
24bc9be2b,90
64803f8fa,8
708c1099c,4
811acf839,49
ceb261e4c,103
8073355bd,103
320890eb5,67
57a04f0ef,49
2da86b144,79
5f66aedb4,5
57b85fec4,22
972c95932,100
7ae85e90f,88
ae8e3af92,29
afa55360f,10
96a197cb1,72
f116f4ff9,76
d5cd9674d,70
6f09acc36,27
93af01df3,73
4f4f5f14e,67
d5e054427,71
6e3ac91be,49
67cb3cf97,100
8d3aa53aa,8
dfb5140d1,13
b1845770d,41
132144011,7
407b393a9,53
f53f2f68b,75
176afa321,47
67d5e3bf5,17
915159fd1,28
cd4bca93f,50
d0e1963b1,57
eef5aa7f3,68
183896a90,13
e665e264d,4
2873bf12a,4
a71e2481c,78
b63c59f86,49
d9d6e7525,73
4f8a37fb9,61
7d33fa1f7,67
19c5ba9b6,103
0ea98df12,49
39dbd326c,47
ee58ae806,67
87a192226,14
9be9e90cd,48
e2a511303,57
1bb8d0c39,39
afbd78d62,73
d5198c9f6,61
bc53d427f,4
85d27a16a,53
2118eb37b,91
9f9578396,78
cd35b6b36,68
abd803ecf,49
cee0a6466,49
b078f662b,67
be5a25da8,48
6ec67346d,90
07f963c50,50
8a5e8c715,27
24dddb20c,9
54620ca30,53
d64daa728,103
1d9693978,57
706bd2088,51
900f1f50a,0
76b0d0576,72
6adc43d81,19
887cceb1f,10
1a902c080,49
157924ece,41
c32f14d9e,67
86f5cdedd,78
eb1ac3552,4
c61564271,5
cef09a713,0
c9f640a80,4
bd049d019,102
3f1a86245,90
4f14ea184,73
875d12d36,102
52e436680,90
18abb30af,4
c87d22df3,90
085b33a8f,22
a3b63b1f7,22
e75ba2d32,13
ffcda7d10,14
22cbf6e58,13
0b619448f,103
769f6fb8d,48
9a3a414d4,7
168f633fc,67
34a95a94a,102
6180782c6,53
bd3518b92,50
18a0fa20c,50
2e31631e4,27
2b1fb675f,46
875d61521,45
a7e869862,72
ac263553a,67
43c7672d1,103
bf8a78505,39
48bf5c6c5,67
82e9c6954,50
19b55b489,45
ae6b4c59b,103
eecfcfd26,103
093f50986,7
842be06bb,47
32bcd07f0,0
408db7399,53
8b2b9d6c0,103
e4e3d8a4f,80
237c95bc6,13
bb5147a35,22
386369977,95
d35b47e60,0
68e87d794,68
eaf19ec05,40
a5d650b37,75
fe824e9b2,45
4b0320af7,81
eb0a1b58b,57
6be539abf,71
935518c47,47
b8c3f66cf,25
ea95803b6,4
019a2efb9,79
420e4c39d,95
1f5a8d8c0,68
ead4c9659,67
3beb40bce,7
ee3c66211,53
c05075421,73
151d03177,8
804f7c7a6,48
5d4811c9b,67
c6fdffb79,4
07b1b8c87,83
1ec665f37,50
b96651b6a,29
90b57e4a0,96
fe30ebb03,47
dc40a9854,21
486d538e1,68
f1babf32a,4
f5e86abe9,47
333118494,33
14ffc1505,40
d30f4ccaa,49
07b9edd52,93
2a017a2ec,95
9c3ca26e9,83
99f5a507a,67
863e8afa4,103
a9a1e0332,49
f7ec97ce1,93
2194ed33a,77
caff65f31,48
6ee6d6c48,53
f7890fb5d,71
465f2ddcf,103
646e258ec,70
cfbc79ec1,67
698676b2c,43
c64eb3a36,47
d1e91d28a,93
1226ffc63,94
c4c9b5dc4,49
5dd6b63d9,47
c92684487,65
a5b604f04,82
056767c8c,14
1706c5144,14
50c9fd635,49
d9e7e7723,45
fc8428025,49
baa0d1cb2,50
6abab3d7d,45
a1a26657a,50
2cfc6468e,74
d89e84047,67
98cb45c72,73
9256e64b8,53
4a3bed1ab,67
fb8be9bfa,14
2c7a32907,90
ee19b7f65,67
07a4b0444,53
702cf1671,80
f8b87bb44,87
b125a5970,54
ee3c0e393,67
4208f72ba,103
eedc4e2f1,102
e6c9612bf,50
4c8e7b1f5,14
31dec703e,41
e5540e0f5,48
2ef28fa69,103
874df1738,84
624196c26,67
7ca677dde,67
d1655f52d,14
832b85df9,67
2c05dd6e0,103
f735fb308,24
832e7cf1f,36
c3ddcd12d,69
f986f94f0,36
4a1d07383,49
e2987599c,12
b020fbff9,53
5e2125e43,74
cc256396d,50
3ff83ac2a,83
c20b4c81f,18
c701bae84,75
6387659fd,45
1a9d0eae3,48
e59f4958d,103
5a2911399,0
a78af18b7,67
d4c799460,17
32a1d9f65,40
b241ccc78,0
abc1d37b6,82
405a7d77a,53
1b4edfea8,14
41230fe49,49
1e8c44cbe,28
e6ec47b1d,49
1dae04aa5,10
cd16a306c,82
62a682a26,17
f89a5307c,43
25e5d12e0,67
9b9c0e574,52
53cfc6586,48
aaa580243,82
8b2742145,49
0c79ae44d,102
111388cb7,71
9fe27bb58,67
8f252ecb2,56
c1f18cb5d,49
91db7053a,78
01cf43e0a,80
0542511ad,4
04a7a4f50,70
3f3977d40,73
5b0a35493,73
5fff5ccb0,41
83714b580,45
6d34e11fc,103
aa070417f,103
7c856ad41,90
a256f13ff,67
780f371fd,50
bd8139bb7,4
15409e0d2,0
87020b1ce,71
2538e0716,14
b61f62d90,53
a2b499115,70
710a380e2,72
6115fb1ac,88
92c33e670,67
3cc7863f5,4
8d5494b6f,53
4fb5992b3,39
32b46db46,103
abfe5bd86,99
1a96992d9,67
aedab5dc5,74
28fa2b3c8,12
12c738d87,73
369693f04,69
2841a62a6,57
c099603ac,14
ed127c922,74
b9b1f27a7,93
44e4c1b98,67
5413350ec,91
b5422eec0,48
282dca22f,47
e5a6a39de,4
6cadad337,14
eb4dbb060,83
13fdfe24d,75
f88592f94,48
7de7343c3,93
dbeef740d,81
0679c1097,67
c82e8a869,4
653443f38,86
50a1849f4,95
0e9e5a0f0,75
c83f746ac,48
896467495,70
1a7463151,65
57f357144,93
44a477145,53
fb9520cef,93
6cd161345,4
a8740586a,4
7dbc5a9f3,75
20a48922b,15
410d24f09,79
f0ca69363,25
707ccc2fb,50
d6a1ca6e7,21
3e4825fb2,77
e00aa2535,0
d4610121f,45
dbe581aa8,8
88d1747a0,67
09ddc01cb,103
0d0202522,68
f7f17ae72,0
be82bd09f,4
78d30a479,78
7273b1c6e,67
624d36ae0,52
8d6c7ae91,73
377b22380,96
c2bc296b9,25
e826a5f20,73
2e4395110,75
f90aea0fd,95
24be941cd,24
715ed2e29,69
5a5e8deec,77
2688859c7,102
0523c9801,67
4df899e46,70
d60582d88,5
977a23c97,102
ad82b1ba6,8
a038cdfb1,103
a6dbbc248,64
e774787e4,57
c78e06bc9,14
723403f38,35
7a0cfe114,49
535695fe2,62
534b7cc36,50
2f0b8155a,84
f41d18e37,45
74bb3e711,14
0053fa6c4,103
14ad22971,71
9aa0562f3,95
956392eb6,73
a86d3684a,28
360538bb1,71
63de51e03,70
c49cb046d,30
ef0ffb5dc,14
c3c4ea291,27
b3d9e6b6c,4
a4541b8d1,4
07283a3e1,68
e0b80caf4,90
c429543bc,77
ee2886544,53
f3d6a27d5,80
d0570b30f,88
6a881ec8b,17
2d8c06a3a,0
35bb514f0,60
ce06ee7c4,72
02e2f1ca6,94
6f845c04e,68
45271b9c5,54
2c69b633a,49
3dba2c4ed,22
e3ce14f38,48
5b45e7a4c,67
d0bb3317d,36
d4ac640c0,7
0de25d05e,90
d3be0d35d,88
3c87fdc0f,53
6ab138316,4
3eee745a9,48
bca706d7b,88
28bab70cd,94
d4f750507,74
10950efeb,67
14a69e3ad,9
a473f26bc,103
667c3c161,99
d37745aae,99
a84815a9f,67
bd6862590,47
839922a66,53
a6c8a28d6,67
374c54182,41
4b648670f,103
746f3dd2b,45
d1993c898,67
2fc266682,78
f6820c410,91
fb2b2e956,71
68b3481c2,80
b64ae4e8c,81
fc8af9bd9,85
b2684281f,53
894954440,87
2178a407e,72
d94097494,86
5a00bf031,29
ff5892e0a,23
903ae9a2b,43
5d3cac88b,75
8a48a97f2,76
288d4365e,75
e5bc365d0,46
7b1267e49,25
69e822cce,53
a1cce28af,45
2772dab8f,30
3224015a6,67
f0c153cfd,40
5771f876a,49
e722a8f86,28
fd34d7c8b,52
9ce1a30b6,67
d169dad5d,95
dbff359cb,75
150643baf,67
1fe3921d9,103
fa53d140b,74
4f49753d3,73
bc199fa70,79
1cb8e917f,14
8e1e85931,76
58ede4d43,52
6009ca42c,75
2c4213574,24
69dcb9a3b,14
d83b8cc1f,96
111223138,95
861f2c9c1,67
3469925a7,0
e94327a54,30
4b8fe9f3f,72
15ec03f5e,102
fb41fa092,22
e1d159561,93
b3b55322c,73
eda9f61b8,103
0d8d7ecde,49
15ca2c59d,81
ed55919e7,88
649dd8ff0,47
600f01e91,81
808071b96,71
0e3f76f4b,53
cb26ab8e1,103
28dd39f92,14
c1c26f4ec,62
d0cc62751,40
f557afe91,80
d5c5cde4d,93
840f3bd46,74
931cd1858,53
0d0b4631c,73
33d008671,81
8c7c3dbb2,48
9ec91d6b5,4
9de211ea5,9
e8636b839,49
0b1605a22,47
cb8786391,52
a853842c0,57
4d0d04ec2,4
582dd5eb1,73
688759258,67
3655fe917,95
275952360,28
aff590876,47
478fd662e,13
c8ff3649a,77
27178e6d0,86
487fc089f,87
7c3e5c00d,75
88f935ebe,73
645e0448d,68
89085d10b,7
5e5672257,29
3a456593e,52
9fab84e7c,103
8735b4ed7,49
db4a05f64,62
8d4ecada4,79
9db76cdc8,80
946f97527,103
6e0843d38,13
3b6e2c5c2,51
23f960bbc,67
8fc8e6925,42
539e41e9d,67
aec05dfaf,67
92d56d30f,30
f8d2fe6e2,45
ddb84d9ab,46
b5ac11272,88
4c4a8848a,8
5bd9a3483,60
ae5333fa6,70
92025e489,28
c624f43f9,41
9360afb8b,24
c77c99cfa,49
1e91a06c4,53
b9fb3d0cb,29
ae2864464,88
8b85ecabc,73
350c32674,60
9db94c1aa,79
b7ff1634e,49
4d41db87f,67
5a4014213,45
2bf69c9a8,93
e1f45be9f,14
5857637b3,103
bce37c882,13
978697ad4,103
9c477d377,75
c9e727ec7,18
976379adf,4
fc4e90060,14
93f493575,48
4ce9bc001,46
719aed16d,103
a8bf527dd,6
8924dae8a,53
3db5a2d90,48
16e7f18d3,79
d98cbb36f,95
34baaa6cb,101
85aeffc62,4
509741eb1,67
c3d03598b,24
67810173a,103
155727e57,73
f1b4ba5bf,40
aaf781d34,1
829bcc49e,29
0bc02eae2,18
a810efddc,58
30964e186,4
16810b3aa,16
80b87cc06,49
e6171fa85,47
64327e651,46
155c1e966,41
1a4dc4b2f,103
37fdec841,93
771b14071,4
bc83dd474,34
e96d15acd,50
5134a2245,103
19bcd7864,20
5ab25460a,14
eda0c70e5,86
f3c88b910,74
586868059,78
8c0995d82,7
96b039170,21
401730197,4
8d9185540,102
7046567c4,77
70c95a76c,67
f94013d99,80
2d17418c3,90
9881c6363,48
37885d3c0,13
641ae8aa0,68
0dd4bac89,103
2313d0e1c,45
b78fc427d,83
bdccd8d94,53
38235ae21,49
7bfaa6c93,83
8da1e9ab2,73
ba2d603c3,39
9167143fd,46
46ef787fb,72
bd4976820,4
ccc54a4f5,53
8e59ed760,29
ee83eaa8f,84
ce028c60d,46
7eb7812ba,4
c5fdb2459,13
afcddfdcd,56
c1c3919f0,13
c6cd3ac47,75
359c8a8bf,50
136b3c7b2,57
288772300,49
f2aefc6cf,93
8fbcbbcb5,91
eb7854187,47
dc53769ad,73
39e40cdd6,4
30e522542,0
ce136eb7d,0
4b6dff5e4,91
857250508,50
34589c202,103
372ad684a,81
9b40a0513,47
d0b1e24e9,77
df3b6edcf,51
8260f8641,30
9f392cb03,75
dfb7f1e61,25
539a14033,13
b034c82ce,80
380c9c318,32
e635de77c,75
63bcdd5bd,21
4bbb6638f,29
8212b672a,13
a08ff3c7d,39
b8741ea9b,100
be953b60e,102
9b442480c,103
f50873a8c,42
050bb1262,72
960fe3fd2,48
e66879b66,13
1162b2c5f,95
4bb5dba59,0
a134c5401,91
1432b2d26,8
f6610b1d4,72
d0e47da08,102
c84ce54d5,102
bed3cd944,74
4641d6c81,28
2cf6e6419,87
c43ae531d,103
ee23e898a,103
7f5d5cb8f,13
a5d301249,74
3ad3208cd,103
3294a097e,4
d5b91872e,83
d23336d37,79
9c1ca344c,80
dd88fcaa1,53
95e3375ca,4
6a1f788d6,10
44d707daf,14
64f0cfc26,64
bb5a3fd92,7
f00ba69b7,28
e16606faf,59
87a37b4cd,47
3239f2f66,93
2d54b796a,78
052e7f031,67
087d3bbf0,13
6a1a8e17d,52
8776e1949,49
55c59324a,4
d14a0c9d2,4
40b3c6e51,96
6d7138997,0
24ca41300,5
aeefaa66b,97
a430b437c,67
6a8422b82,61
ac32140ca,15
10bd19c33,69
9de01514f,0
24ee77db7,48
50a98363f,75
afa2ae498,9
33b3a9955,4
1d8ca740a,17
ec357f612,68
68039396c,75
1f631a7a8,79
fe3642b3d,48
b95364dd0,13
adacbebc1,90
69040ec2c,48
0dda08338,0
03edb6308,71
ca19d9909,73
94269c190,73
78d30851d,72
2c6c478d1,67
1f8e21c54,49
b09f6318c,91
5e6e5030a,56
f18412796,0
8bcc6b0a2,102
7c23c9246,70
e42b8cc4b,59
ba635bb61,9
aab7f897d,86
d228d4fca,72
03f8a7638,48
b0bde1b03,61
0313b9d4d,81
0a71ab4c3,50
59c2eeeb0,53
2fa4ca1db,41
f9b4d0e4a,12
8e390cb4a,16
5998b063c,68
2c6e87c72,94
f7da480ea,53
6bfc6b8f6,71
1d145016f,0
61ef56738,71
a05706206,73
b70f99706,36
e60c3bf54,103
22be03235,47
7315d2e99,82
d12204c77,20
404661213,46
7777e7e44,52
317d04297,22
a9cfe91af,79
9e4e812df,5
fb094c9bc,81
625a9dbf0,90
a1eee5a29,72
eef64c945,93
88a7e7bcc,88
caa9982e3,69
147c34f21,39
64144b5a7,80
ab06cb3c9,1
9d7baffae,4
dba8e8e9b,85
465acfa7f,103
ecaaa5ac1,49
e1d48d997,49
94bd779c3,53
0ab78aa76,48
6d61341a8,75
bcd277266,75
d637980a2,45
8876c6402,13
a0e82c1b1,100
0cc1eccf5,103
1b0a08a16,77
f04b99dcf,95
3e1727f79,53
4b9e61e38,28
ffe68f250,44
7547be627,49
cdf877752,53
0aa1d9c98,69
519f5b078,75
d2dc32c18,95
096e3e1fd,87
e283e73fc,67
918ea59ba,73
ec9d1154a,74
3076e7608,7
f0a786428,0
5cdbf8228,88
47ac366b7,39
b632c0a2e,28
3303a56a6,45
adc3d214d,33
bca8bf0d5,13
c2d0ff1e1,4
cd20c00da,64
6760a8b60,59
6c5cbbdf4,37
1b2d48186,49
a086b2043,12
ee2ee5186,87
75c1b1a9f,77
3dba87b2f,45
51ccfb7c4,82
e57ba8f31,8
6504eee67,4
4b57c7aaa,73
58e9042e0,29
95f734b2e,53
ab1d26187,21
040684077,41
3d17ca258,91
80d468ca4,79
4ec8b55c7,64
8d9213283,72
d146e8595,5
8dbc94744,41
cf68a6af8,15
f441c7185,28
caa580f63,93
7e6854001,49
431dab6d7,73
5fa624040,67
ccbe77cf0,73
981687c64,81
fcac5a7e5,20
71273ba15,75
3df11cf29,49
8d2997526,7
9c158e3c6,103
352a2c45f,82
db63379e2,83
5681077fa,53
b5253f91a,47
43ac410fd,75
3776f98a8,84
5184d47b8,41
3debf4070,14
a0f7fea74,64
0b25964e1,4
dfb75caba,5
e7d7fec7d,59
d1b3aaf63,86
376134aea,49
25e91d523,78
f10545931,35
7894b3f5a,47
891e42a88,52
acaf761d0,73
cb82723d1,103
3625c81e9,67
4c25aa614,103
5826bc1ee,103
1e3e2da00,18
48c00c048,102
7bae0ab5e,76
6229791d1,103
9bef7aa96,95
2545ad929,42
5ed174c75,96
02434c828,41
564a0856d,5
1711fd57d,68
4f2196c72,86
77a6613b2,77
e8d0e382a,90
6c3ecb861,14
30f515f27,0
34c4cf37e,35
04a069392,75
abddbf3d0,13
dc39aab6e,55
5d796ff7a,25
0713eb9a5,53
dafe76eea,93
0d558f91e,67
b882b8bd8,103
bee47a94b,67
97947bb82,70
6bcdb2495,81
c72964068,30
6d711f23b,73
38b394064,60
7dea65fa8,50
eb66fce7b,45
1c5dacd9f,69
adbd3dcf6,24
88728f169,92
2690d9568,46
f8c41bdad,91
bea8158b9,72
4c5a20840,4
c28a33596,73
1a6e886f2,102
e12b35292,55
9e60a5b0b,75
d96c3a358,102
d6ded3726,42
871699e5b,49
0ce2742b7,46
5e01e9489,68
3c22e0a0e,4
6e045ef23,75
68c50e34a,4
bcad89a07,13
25b6d41a2,67
f1b2738d0,12
629160ccc,67
931e94184,47
664ab3455,21
6f25bec48,43
5885a2c34,74
d28fc9f29,67
c4e7f3aff,52
c9efb9d66,49
857a39495,103
010c5d8fa,47
94d387cd6,53
0e675095e,67
1b8a45d4d,29
49f22c2e5,53
c8cacb55a,42
9ff246fe6,73
b48c962e0,25
34c97f64c,2
481c58d57,68
f37a76430,30
ee6971d20,48
3294f5eb0,24
496eaacf5,59
55a7e02a2,67
6bced57ba,4
a23d903c3,103
2b7da32fa,5
622301a2e,103
904f86ba0,28
58c90fc33,62
bf7b19901,7
08710eaac,49
a7df3f054,53
be7a473f4,45
0afbefa46,72
49601a7ba,87
41e36fab5,73
de06ff6f7,82
8935eaabe,103
28b08d407,49
4863d1e67,85
09c2d54ec,56
1c35c04a8,53
1aefb1a74,4
855c5dccd,4
89fb3d0d3,87
7c8007f01,40
dac6805a7,93
7409a08d2,102
a85e27a09,51
5689bcc21,67
166cc9d99,0
3a19e432f,53
95ca52d65,53
f03697dc0,94
6b8f11ae1,87
7dd683db0,30
8198687fe,16
62c459f66,93
41dddedd7,52
ceaa96cd6,103
22915105d,63
b35d89433,50
f0f900bec,80
5ccfc8dea,4
5155022aa,73
4a5172bd5,26
ad82ed1ea,94
55f00c851,90
c25b13b1d,103
d5766b84a,4
8df2a19b0,62
e611ad6ae,18
0be81ab06,72
86dbae006,52
26844c8f3,77
727d99d68,47
63c3945db,73
c92cdfeb4,41
a94695f27,51
1f1d99593,60
52eae9528,95
e9c29b67d,48
45c144250,94
fb83a0899,87
2d40a8e47,81
cb02dfd8e,49
0543d5d92,103
414fa5cce,46
6f229cb58,4
7327abf40,93
30b4b7aea,75
1fb45cb2b,93
c7cdff2f2,39
9294f2050,7
afdba6c0f,46
46d8e8e19,77
7a538b99e,24
94b493650,53
c1573a6be,102
4884ed7c2,52
0c76a33ad,50
2406e977f,49
a388602fe,28
e09c2b70d,35
1fadcbda5,103
994b891a6,53
dd14b70c4,102
719e9e88d,75
f0bdd22d9,97
4f4574478,0
aa2b95145,92
a44826a0e,53
d56664e9d,74
77767dd21,103
94a240084,33
cbff5d0c1,48
e4c0f1e32,103
24bc6b404,48
93f0dd7cc,75
85e11330f,95
669487461,103
3eba562ed,86
5b1f12738,10
3e043e76d,40
d4362cb73,103
c874dbc71,102
1507fc4a8,53
6e3303932,55
a2e477d6f,102
cad6a0d66,53
ce2745e96,52
62b5e80ae,67
21608cb5b,14
7e85cac95,5
b601d9f8e,28
3d0556ab9,8
1081dc395,64
d8346f57e,71
ca865c4b0,46
ffccd38bb,71
55683854c,57
85c84a176,60
17c2e1b73,48
c48f8f050,4
2b07811fb,83
480dbd0cb,21
2da61d102,64
2eaf291d2,14
79cb3514c,30
0c56833c4,103
c87bbe155,13
6a9f813a1,47
228540138,73
e7791dc5d,22
b32d80296,79
a1ae9344f,13
dc4a5c985,53
5c71c2638,48
0963e2956,8
4bfdec3b4,67
4d8257f18,91
2ce1e0b6a,30
495523f05,12
81f2fa04d,50
14fe67e77,75
2c79f3a6b,95
3e3942656,87
5ee6cb24d,30
26f14822a,29
fb2895935,67
70d37d23f,80
6c1e0dfda,13
fd6b80e18,102
23ea06b99,95
383ce35cc,28
38d113afa,59
7790e656a,10
3d000dd19,68
b0b810f90,47
ac67924f9,64
ed0204f22,47
90e8d8225,102
a8e6d30e2,4
fda42498c,4
ebe718ae0,52
d1dacf9dd,91
abb27a80c,28
195bacee1,4
e4bd15b11,73
ce0668511,53
467d1a4a4,81
36da5e9ca,53
7d0e16879,4
7b6d30721,22
16c791a6f,102
da6f46b28,52
6c2ce6d90,48
8f206287b,48
8f7dafef1,103
ca1b7fcd6,73
9123fc9c8,0
76dd2577e,93
85d30d942,67
a3119fa46,73
6dc1a03ed,43
afd56596f,67
45610320d,7
57787a61a,93
914b0e71b,29
cc6a65411,56
b30ac7015,67
77e34e261,4
e83500196,4
c0dd27777,41
74d672d39,43
3f7a7e0d8,96
6a9dcc24b,75
bbe2e7c64,51
e9471b958,76
f18556a22,103
218e61006,17
cfe404d71,49
f9de43fb7,46
7beeb67c3,47
ca1095668,80
5e69e6a8e,93
fb532209f,46
1c0c4fa86,8
a1b4dc452,91
5e216ec7c,69
486248544,4
5c38776b4,103
6c14532cd,48
0fde7a334,74
0b061eae3,67
441c13b73,73
b545ede10,74
38b48be78,50
6820bdfb3,67
56e37b524,67
eb71bcdf2,10
402023b27,90
4c6264df6,73
9fcb174b6,53
22a46a27e,29
e2194cc70,67
dbb703916,5
315d0c65d,53
5f1a08959,21
f985ee0da,53
fcd2cb7e0,49
fb91caf96,7
db09a299b,53
476283f9c,48
2a0a2ea23,103
d09882bb8,49
6d48de3df,49
06cf3311a,48
7e3369c19,48
d46919710,70
1cd461407,1
c96004e94,35
1ef426390,4
64f9d993b,58
ac8d33b0e,103
3816dac91,73
a859410aa,10
a24932259,4
3522d5b4e,47
f65475a24,48
252d840db,67
c37a6f3e9,83
dfd946ac8,52
630ba700c,73
0c3ae4377,81
22149c3fd,67
a31f90373,67
07c0d22bb,102
0bf251179,73
b4663783a,102
2dd56f346,69
4acd9d511,53
d5320553f,68
6066bf3b3,103
e45a81eb4,103
584b3a955,67
6074e6638,43
94d32655a,93
1a5872fb5,65
c8bec0f66,47
2a5e80a12,63
7acc72b45,67
5bb0fd4f7,67
8d8f3ee47,56
a1a2e7691,46
33a504d5d,87
fe2bfa700,102
06291a920,75
0435e3c70,13
3231f45f3,53
3d2ee2570,103
7a7fefad9,86
6ef2473d3,13
2a0dc41cd,35
73ff3946d,73
9f6708c0b,7
2bf06cd03,75
4b4291637,52
5b3c21bc7,53
3b89f294f,54
336577848,103
32aa8548d,78
e9b9e8a26,49
7c30e1a81,48
aedb03983,82
9b1b30062,50
49b260995,57
246798d36,4
fac9307e4,77
9679190dd,70
1f36484d7,49
eea83069a,67
d6a792c0d,40
f7f45e1d2,40
d828c217b,77
1932af102,53
353bf092d,81
8a566296b,49
793a50bcd,103
234f9781c,49
25db0cefa,71
f4c6d5b0d,56
533d4492a,56
009b39e15,43
5d23a793d,74
c3b24720b,18
49e871eee,0
b4aa13520,12
7371defc6,43
72337a91e,50
18ca651a1,74
94cf9944d,71
2adebc1b3,18
3e0dee547,48
74f238044,4
72c2a5cb0,26
27a95ef27,48
ad34c1f34,64
b1f3717dc,86
5633f1101,4
f789af170,50
5da2bfc47,39
461f4f5b2,59
e14129a0d,60
852b5fb74,13
b94381f7b,75
b2d489e27,69
8a7b93f64,75
c6492c817,67
02040055f,83
f4672d1aa,80
b5860475f,37
64a27fd4c,72
3b197ec5c,102
31323febb,93
01337a0cf,77
bff69770d,73
e95f725f6,102
df89c0568,69
b1d61c023,67
eb0a53a24,13
cf1ad8706,27
4f06ca2cd,67
e44a6c4d1,50
392d70bc1,14
e1b63aee0,29
4e686a694,90
fbbd35173,48
e646d3124,41
178290233,47
b57f67883,91
a8a7882c3,102
650d157b1,94
08271595e,81
2cccd8e5e,46
b14b95e77,0
014bc73f0,29
eefdd0431,54
c0f132f35,102
061e6510e,67
5f15c8bd6,67
a7d9f1cdf,103
e237880ca,67
9935f0510,96
7fdb2b868,2
4a2dd1c8f,93
1d73e26e9,67
683ad13b4,68
7b1773554,59
333b45bf1,24
38c7f43d6,89
7e3809573,49
ed4b21055,13
9d9654afd,13
f07838a9e,78
ee652c6dc,49
c4c78dc65,103
9643a628b,4
797ae6066,52
ebc4dfd8f,67
a13beee25,25
5f813832d,4
00ff2c720,79
2a0eb44d2,91
dcdf04ae1,81
07b2fe99c,53
7a552ca1c,62
c293ccc31,94
a7857a9be,53
54cebd37f,68
5a74ce4ab,10
23a1a3753,45
63d16d8d7,73
de847e487,53
13c92db23,0
e576b00a5,21
c832cf426,73
71ee25b79,48
24aae97eb,73
ab0af1000,49
587e44cea,95
cd15074d2,0
f1177451e,64
e730f38fa,72
81cabee91,7
eb5ed44cb,64
87a93b8d6,11
3bccc9014,30
ccf2ec80c,67
bb0b0e551,57
ac937c18b,49
fe6991e3d,48
09ebedf6a,49
4b7b43b7a,80
b7af85f6e,103
1aa8492a8,18
0c548045a,25
b39cc3832,9
54cd18535,53
450d37a38,95
2d8716e8b,4
de261e169,4
e611f94be,4
1baa33eaf,80
f80c8bbf5,24
a6db0754e,13
9e07d0aad,22
11300f71f,49
a73af3677,67
13166036e,53
74973ce69,7
eeeb6b66a,45
79686d60a,14
4dbc5fc3c,103
348bfc268,0
46290bd98,13
842297200,12
092187ff7,4
d2a45014c,4
75ef86e19,10
31fd82f08,103
9d8d14332,80
14be34092,99
3a29db605,99
36be47274,64
27391414f,103
95f9e2bd3,13
9e4d41ad4,86
f80b1c8c1,75
50fcaf0ed,103
c8f0b4717,77
7eaff7aff,102
8b11c130a,49
8b15247f7,49
5e0da2b1f,67
7b151e3d1,73
4c742de40,67
25faa6813,10
1f937e111,96
e210dc4ed,103
7dcf1e590,56
f56efef52,59
0d9e342f6,43
43975ba66,67
08b4c02fe,67
d69c942d9,11
b65acd50b,13
092be0405,102
5e5acfa07,80
98077910f,91
fd7cd952e,69
23620cfdf,51
075602d66,82
1446df348,18
fb61eca01,102
4ed9720ea,53
e67454090,79
3127f8637,67
32c22cba6,6
345b6fc68,70
2ae7f866e,53
20079ffd6,103
c8349d602,49
7fc99345f,98
c82045295,12
05bd91dd4,103
416b038b2,67
d3ccdf536,14
d702d0c15,41
4e43a75b1,0
19b1f6ed1,82
ea72034f5,53
1559449c3,73
c86b6ee78,28
5ccc5c940,103
4f02105f5,103
b9a6f2dab,50
352d983b1,5
26b07058c,102
fee2ad37f,67
f563b8f1b,97
ab473d0fb,11
a645ada8e,103
dce29c03a,83
485e088fd,49
39902d722,102
1153cf999,103
c571990d4,16
cb1fa5404,49
76c56dda7,51
505515f6b,14
149d11de6,53
9fe3b171a,61
138275e36,71
0a399baa5,4
6a22f0ccf,76
42dc18525,83
9b8caede3,4
43ccfd5e2,67
564305f6f,56
8a361b630,80
c337a455d,4
51f6d891d,0
084527620,76
6c7e15c23,47
e178e1fbb,67
43b2ec735,24
504495975,49
ab54ef65b,7
6c80cfb8c,67
925f36b79,91
aab3a2289,28
0787857e3,60
557117401,73
f49141ac9,49
3daf5597b,24
0e1fdb95a,49
ca53ebc3c,38
a7088bd2f,53
87fde6edd,22
cd4179139,4
bda7820cb,49
d375ebc76,49
ca8726968,45
79cde037e,103
bcd08a7dc,85
5d426c1bf,48
a5ae66568,14
a025436a1,5
49add67af,80
91fae734e,103
8a18b9699,0
7560dda12,49
b764d3dd7,73
2b403205a,48
9dbd813fd,0
441472ae6,14
f4fee0e27,42
1ba32dd82,46
8eb564814,70
49f7cdb45,53
ce934c0dc,90
c11e44cde,16
53f3609ad,4
278e2fa12,16
f247862ee,94
49f864fe9,79
f9b3f2991,103
702b7fc70,94
5954098e3,81
bada5fd0d,75
8261e8f5b,67
f4f248df9,48
e2e8f7c06,80
86935b0d7,73
cb3bdf3e7,17
137107106,103
8ab8cb727,12
8fa0abb21,103
31750199b,36
cc599caf1,4
1f21ecd18,4
a8e11ba37,75
58dbde095,24
ba9e184b1,67
2ee9ba725,47
8701aa4ff,35
ab254cf0a,95
d45c77b42,47
ddaef039b,95
f1e56842d,98
7d540187a,103
1eabd5622,9
1d24f052a,10
fbae2fb1a,49
a670f0c43,68
230302d1d,83
7e517b238,22
530bde853,52
4d05e9395,83
563c9008d,50
7683668d8,33
0fedbbf5f,4
6896dbe36,100
151b27a24,67
5153e1522,13
4479d35f0,73
66d3a82e2,103
3a1396fa3,55
15ef197c6,84
8ecdad441,91
5c6e09f5b,13
fc85dadd3,67
c17b6ab8f,5
3856fdbd7,68
27dc84ff6,103
186a8ff9c,68
f3300dab1,75
e78504c82,48
8d4c9f88e,18
132212f11,75
c67858398,14
19f37512d,54
182c9e6ef,73
59d5309a8,80
5d58d5dfe,68
5fdf59f6f,29
b2982bed5,103
2198f8dae,45
7864cabe3,4
6a6ad6ad3,79
03a46c116,73
fe843e592,103
8ccadcb08,91
e44ef0f10,49
5453d7402,4
5e4a5b406,28
c5b5ecb0d,48
a575e3bf7,83
762c5e25b,97
fb60964fd,72
2b9959134,83
23f8fc3d9,48
0698ae8e2,10
05c992976,14
72589c9b2,14
ae016f27f,49
35b896087,67
926ed805c,7
0bb20e5d8,53
20b4cff1d,87
df76ddfcc,2
a12ca9636,90
059ee98dd,10
2e78d7d23,24
34f820893,41
5b9abdbc8,86
abf65b6e6,90
ce6096353,65
1bf635fcd,103
f1c7db9eb,75
f38eac7db,67
28462ed13,14
cda807af3,4
e69b66458,102
34d736b06,4
7b89cf590,4
ada310267,13
93b754b97,67
8ed239a08,62
894696267,67
1f750d4e6,75
5d1259367,42
a63f52d9e,48
b9ff3b500,88
6f88cabe1,80
ebb1d9137,102
d9924befc,90
855c94fc9,73
9a1e64ece,28
ac73af09f,1
99caeeea3,73
b8ff15213,91
8f8ba278f,102
9a33c631b,4
630d3e7b9,4
bd3bf8f16,72
4165e5bec,5
91a2ba8ab,94
0354bcfbb,67
d92df455f,102
209b4da16,4
280b71230,49
85e1dd858,53
8fc79c991,49
157be3bb4,52
3aa210981,25
cc99ce5cc,68
dd33bfef9,72
10acd2f2c,73
69e5888fb,73
ce6b9b704,4
9090142e8,72
367f31c9f,67
d7c938976,100
10c508f77,73
143b75258,21
60e8a1d83,63
6ef97d18a,76
f553000bb,49
7abf68943,67
39df767ca,86
bdf131dae,59
b5a739d1d,67
52378ff5a,75
260517e44,71
c9a7eae13,74
6601f2903,68
e2567b48c,50
0abb8d338,56
17118cb89,13
cdb8be610,4
25f594d35,48
8ba970109,98
c0e0640c6,51
f5d022470,55
34302ff94,4
707760045,37
a16eb5fa0,103
dfbb8c112,90
aad6bc2bb,78
f2db90ee7,103
8d4368f5c,0
7163520df,8
e469820b2,73
4dc902039,103
d81fb8241,43
04d9215b3,4
0d4b7df42,71
95b5120db,47
f8b20dc7f,49
ecf751fe5,75
eab53f47e,69
a91e7f455,59
6ad636b14,7
78ccf47e4,49
97a476deb,48
0fccb02fa,74
61486eb05,60
2a459a0aa,87
329581d4d,80
dd0839e53,53
b87e16bc0,103
8904c358d,48
d8437a7f7,89
50ff8f2d0,21
981396649,49
db86084d1,64
85c2ca274,51
da9de3c05,77
f7019798c,94
288feaf8f,67
b738a5ab0,90
7d2140905,47
931b0b249,94
786172ac6,48
d35565c6c,4
f16b615a7,62
6fc119103,103
2bc4dc850,72
7725cb554,95
97ddeaac9,93
f0727012b,83
27f69132b,3
7b53e5791,67
65b44f1fd,102
ce5af8fc3,25
760d22629,79
aaab6a867,47
49f2b41a5,56
dd9cf65da,0
b71543e42,48
13d3c108e,77
60a40c037,49
34cc8d691,30
498d46ee2,86
e93da9242,12
666f4d363,48
46241640f,67
353d4bd0e,76
c77e635e6,13
7d5d89bf4,91
0befbdd9e,94
f67596886,45
b05b5e5ed,22
e267693a6,102
7484473e0,87
0119427db,17
cffa6d1a4,103
f6c766f77,57
b811b25c9,43
73acd2065,18
bb15fd515,4
ca2f4b9ce,4
ce1019f58,53
096df77da,49
cc0e98f9c,91
6ebd051c0,5
d83d3fbab,90
a6732ac2e,77
1691d45e6,59
4ce386ab0,14
026d4082b,94
ac28e9c47,76
4fdd76274,4
c19d02d04,67
a2fcedaf7,67
31a7d4530,48
62e32ec91,0
440128919,68
ed8c3c3f8,34
532160a43,60
7dc69b4eb,30
35c39adf1,40
b7c137651,64
2d3c0a80b,103
c4d436848,93
49b354ce4,13
07ccfbc89,53
92d8c290d,67
a0c7302d1,87
1327f9bd0,53
1eba038ad,80
ac1c8b1a1,9
a7caedcb0,39
fc6fa6753,62
92673a9aa,4
09c8ebae3,22
8128b8af9,48
dde8d3397,49
8a8eefe09,67
7b46c52c3,73
ce6303fec,52
92cf1594a,75
aa560af38,103
564564fa1,71
9ed2586ca,4
1c946e0a0,24
a64d32c6a,73
8fdb0b741,50
a10a0b280,47
78c02c2f5,49
3d95467fe,88
3c5f0c3b4,13
b145790f2,0
2655440a4,4
e9a2109c0,53
62e5874bf,14
7593bf7d9,103
755794886,53
09adc5faa,90
17d0be640,75
1314201bc,53
b9811a813,96
787578be9,82
ea072301c,63
719a12da9,49
1f00c0495,68
4d178a6b4,73
f337de2b3,94
47c4e4fce,49
1a6b89e31,48
903a3ee76,45
1c08a7736,72
94a7c5ed2,24
b765dfa87,73
3c5103dc0,103
def4dc802,31
11db2e1d4,51
241a96f41,103
e2e81b2c4,95
41af5743a,64
cfdfb9028,91
8848222b2,83
4e7bdb1cb,95
c21cd70d4,52
8ccdebad5,48
1fe1e5c34,94
440daa96f,54
df23921b2,8
953076db7,67
0d69ec15a,65
32d710e55,78
6d7ff30b8,52
1a5d9c089,103
8d44b6bfe,79
364e07591,28
85c40deca,68
599d64d01,102
1ffdf0d9b,62
63eb884ce,54
c52257cf9,73
1ff3a322b,103
a794b05cd,103
627f0996d,49
35f0035c1,87
eb2216bf9,0
f7696fbde,13
1b07b0a53,47
897a2400b,67
bbad1c1a8,39
e8cb185dd,70
b6cb0c2b8,75
ea915b13b,52
0f6325318,52
ddd24583b,80
03af10094,14
849e05914,103
462a4b1f1,67
8ef4a7754,82
d4350350c,71
95e7165a3,14
7472f2db4,87
2ee5a9066,21
f5aa796ed,53
a497a8c2c,73
4eac8e323,72
58a2ab14d,43
50c36b121,50
97d3f3707,50
92be2245d,6
33b9d73b8,4
1a0fb01d4,43
f0e91b85a,103
d2927e981,4
ef799e46d,41
de4b24dec,87
671c7b595,102
2043fd8b7,48
563a8d7df,69
464ee7908,67
257de6c9a,10
f0e6a679a,4
f05894941,5
87acecd2a,67
2b4be937e,28
3962a6493,48
736b7b278,14
acd745458,102
2542212f7,73
8d73023b6,48
06d517e80,82
9c5095d94,51
f247352ee,39
74f0d70ef,51
a4e32e242,95
dc826db21,11
6a414bfdc,65
2ceabb5ef,49
a405112f8,88
750bae291,87
5b229190a,51
29add8561,103
28aef7cc5,47
00e3084c1,102
c68758b00,53
d91b12e12,94
b57325fc7,53
81d39b116,100
9e3ca10fb,15
9b2c62063,9
d710d0940,75
677dcf9b6,18
b77626f46,73
fc2f9869f,48
ac184d84a,87
c38903943,73
202b90ad1,49
e6c5fe236,48
36568fe64,81
5817b58d8,53
f1ccc8566,74
9d3f09890,13
0664c88a1,0
1c8122f7e,87
e914d195f,4
e8475ad43,103
f638bd582,67
6e74639ff,4
dd6301145,55
06acca7ac,43
65ce506a1,71
c50ca0af5,10
6bf4a58b1,67
9e4eb029e,83
166c6bbf7,72
8dc5fdc92,67
b82ecce8e,13
e4d72ce27,24
79901d55e,59
6094552e3,14
9b9381ad6,42
15cb0c24a,4
d6503fc7a,53
1c3a7bc99,13
745cf5ce0,102
b20b97998,48
edf6883b2,44
c652a7499,53
cfebc1eb9,47
529f2ee42,77
9b9dcd9c2,95
da98b5bac,47
6144fcc9c,96
cf3047df1,4
bc4b01a52,97
4afd6043f,68
1ed9fc0aa,52
0e6c034cd,103
8f4e1b979,85
9a970ddaf,93
9dec6e6da,84
7a26fec2c,75
23cce6771,82
6a69d191c,86
6129c13a7,53
acc347bb6,4
7cb805a4b,49
4dfa64964,70
a7464ddab,0
1b4b7b0aa,103
3ef916a55,68
29bfe409f,51
9ff26d18b,69
e3bdad3bb,30
e7f0f1e63,57
8d5b79bb4,29
0ec158f7a,101
a6ade9e09,28
60b3c1ec6,96
c8e30f4c4,67
3081eb3d7,94
d4bf7a89e,94
b067fabd8,48
f9f196acc,34
f34e6c4db,40
aef983095,4
f1e71c574,103
5beab41c5,103
2af766509,21
70cbc35a5,86
40eda589a,25
5112d23be,53
03c4126b4,4
69c31f86a,42
87f6a1325,73
b9a264608,90
b0d928a20,103
95eaa8650,47
9da5c57ef,56
3714d19b7,64
f880b1d01,45
8e9cb9e5f,39
e9928cf8f,67
8bf87e69c,76
e9e0698f5,4
74f1c073c,50
b30719c82,81
805888e57,78
dc4338093,24
21ca80954,103
3599e2fbf,82
902b5770f,103
2083b8669,103
090a1154e,42
2b5c4fa01,81
3653292ac,49
ad27e607b,102
4ff54212e,10
eac0fd0b9,67
edca7ed7e,5
f6f821392,91
6b8d9d74d,49
1777595a2,49
2c061c902,103
8fc8f357e,10
979be015f,70
5528db727,47
2ca0a45cd,26
f6e9739ff,78
1bbceba89,67
f59c3ad7f,103
433c9564f,94
da1b9b717,103
8fe3eca19,103
8996126cf,86
c62460407,90
a1c8de469,73
96df0c6bc,73
d1ae6b983,68
4591d2725,0
19f18eb63,55
4dfea8574,0
7f7b2c732,82
394eed0ec,103
91398b8af,5
3a1d5b5db,67
fdf61c313,56
c5c1962bb,49
e11a7a42f,67
ebd098414,53
ab905cacc,14
018353f1c,49
f7107a3a4,62
547e41140,67
38a3caf8b,71
1e59b9929,37
ca050faf8,12
4479a460c,75
9ed125a83,49
69f5b082c,87
36d4c70b5,52
993b3757b,49
052f7e154,53
a666bcc36,10
6f238770e,62
f4684cdeb,67
a18ae9e89,53
2482d97e4,51
85f511409,103
95eb4c83a,68
de9010824,75
17625283c,103
02d846418,68
42acf797c,90
e68ff576e,75
f51e1baf9,86
29f4ab45c,102
689eb9f68,74
3daea4675,5
57d893ed7,55
5ec08d254,72
a829407c3,7
c54530ff1,48
47f8f7372,9
c44d85f2f,51
9d9605a15,48
7dcc4ff7e,4
30ecc23d5,48
40a956d5b,67
da176437c,87
91212615a,103
b845a0f00,10
cf787b891,29
b0f5721ca,68
581ead9fe,72
754eab3b5,73
8c5e0c760,47
5fab0c048,40
d7a9e0691,53
9e99e1332,100
1da642ca9,103
7f4520e95,80
40ff0c11f,67
0b9afbdf2,13
541c4d41e,73
8097bc805,76
ffd3661d4,102
2f9bf2b8a,84
9704969a7,4
c245c24bd,59
0cfc11aec,49
0f33f1ca9,103
333beeeb9,48
09780bc52,88
9fc75b12b,14
0039e54f0,43
3b66e2c2a,49
53be7448d,67
a51b01392,42
a6db70773,4
0120d37e5,75
a0925df64,30
8899f1bd1,4
30eaaa6c9,87
5002bff77,103
f2cb54027,10
7b825842e,53
7dd20f99e,85
3a1c2ac95,55
45655caf4,80
72e6235c1,91
26d1f0e73,53
1c4bdac93,103
8c102e395,81
28f90d5f0,79
cbb2dd81a,69
760068096,4
814e0e21e,10
19e95658b,103
e203d6713,4
50ee680eb,51
f670aa5ac,36
11b0ea314,12
b547b5949,103
a19256173,48
0b1ddcd93,75
36c344ab5,80
2eb1d2313,41
22eaa8132,49
cd27460a9,103
2b782bb3f,79
88be303e1,7
6939eb499,14
370fe09fa,32
400b2bbda,102
bfcb81efc,10
edbf64b0b,48
e161af94b,103
e40a71ec4,80
b52dcfa52,82
a97dcebf1,4
4bfdf517d,80
d5bb1b0c8,16
250f30059,103
4250ed062,25
2abdb1c5c,47
57c754d1c,102
559dc9594,22
386e40044,14
dd1e506e4,4
a8331323f,27
f696ea622,50
754cd2605,49
6285f24d7,75
f3e315051,46
8794f7787,16
6bcb5a502,20
58605ff84,73
82df3c1b6,45
ed43b8e78,102
4cbdaf60c,95
eec53fb8d,81
7fd945d34,47
4e9ed92fe,48
5a543e058,49
b87d8fec4,13
5762da038,20
4d8731d6a,103
7d2cabb96,0
5ecc1c8bc,67
8523c7858,4
527da06dd,53
6d789c449,10
bfdf112fe,89
17ec6d74f,82
7ba1904a2,75
4fd5cd91f,22
affce3819,17
08a1c14db,40
2a94eba93,73
b4405e586,67
b23e435d9,73
319a4d6d7,77
25405d6c9,87
2d611a037,67
c6ce2c1ae,4
5b3739564,76
0b3a02b48,14
98ecbe0b3,96
92e74b080,51
497a53f79,103
083c5dcc2,10
62a410cbb,67
147e5ef99,52
161a7d556,102
dd4a193be,9
f2586d647,75
a8efc4d66,36
a622a8c05,83
2fa8f8b85,67
7a90903de,73
aa12729de,47
337c0f7d7,65
43fdb00da,47
05e218a53,94
65bc00f77,47
62822763a,8
9d13c547a,49
1c4a00029,53
529e8c1cc,82
92e7e630f,11
688223573,57
4fe65e8ba,49
e8d193a43,35
30e9b5b6a,102
49292d94c,49
358530103,67
217fbb923,96
cac40db60,20
80468179b,58
a0faa7276,19
babf57037,75
87de4333d,53
68b83ad56,56
a9c8ee568,67
6899ceaca,67
2461915f8,102
462eb88e2,4
c164f8571,97
fe1fcc972,53
77a43b493,14
62a7c181d,73
d325e5d76,14
870b7fc50,49
5b8f09d2d,14
4c1941cfc,53
124e119b4,13
9ed93a956,95
7dce481dd,103
679f0dac7,47
4d0ffe92c,67
4abe117e7,73
4925bf95f,70
065817704,10
b8bc9b3b2,71
89c19cf37,67
98033c300,28
47aa985a8,70
8988c222e,71
13ae95d53,75
aca9ab734,103
af2a02abc,39
6d984df89,49
4fde9d58f,48
472c84cce,13
303979023,73
321437b6c,4
6251c33ea,79
c7b1fd88a,23
026d342fe,93
d2277f8e6,0
f09cc7902,1
282419eda,67
f50280136,57
3505d54bf,49
db8b6aeda,103
0a73725b6,102
eae09f119,103
5b1892dfb,19
f347c4666,72
1984a614c,81
84fece524,102
3db6ed179,87
38b929b8d,16
9824cd034,48
afac3a5b7,53
cefe64b4f,36
3c4dd2705,80
408b2d234,102
894eeb28d,13
22cef13f0,69
6581fb5fb,48
171d91683,68
cc055150c,73
486ddc6d6,75
0509887de,21
9d624affc,45
7b38f9919,49
faa0dd647,76
7a8a88b42,4
db65aac8a,10
d1eebfd7a,103
1b3705cfe,51
98fae1d61,52
d43d8c9d8,82
850acae7e,103
9942a5424,67
9b9e080c5,102
eee191638,95
ba757db32,73
824eae734,70
4cf202ebb,53
f5c310736,0
a991b14c8,75
6e7b8fa3b,81
e82bb0f6b,57
ae78a372a,48
f7034380f,70
7223d356c,30
f6ec8db9e,103
7ae791f04,88
3288217e1,42
6550b53ba,43
37a4efb7a,53
d9bc877f9,103
2d1ee50cd,68
bf4c39972,4
d4bfe24fb,46
4a14dd513,67
8ef339ee7,14
04e0d362e,74
4249b8e73,49
ef68e319a,4
9390e29ac,47
bc45792c0,103
7a2a38d8f,28
0dac4246a,81
343f4db58,67
958e9761b,49
d3ad608e8,41
eed18198c,21
92d447000,49
5f22d82a2,58
06846ff3d,89
0208143a9,53
a02dbf1a3,21
7d825a631,87
ae3a8a68d,13
b70a1ef51,67
d01f39daf,0
e6c7eecab,103
c67210c70,4
4b69e4daa,102
47e7d602c,68
5bdd76ad6,93
c25141a41,97
93e1b1b57,73
9ca5d93d0,4
be2c310d5,93
71d39517b,59
1770a3955,39
2c3a35bfd,67
52592a2ab,14
7cac453ad,71
4e3b3b3cd,75
a2d7f197c,103
a3fdd2210,50
d6fba1863,53
6326ba8d9,72
ce2335977,85
d007caae7,91
d2ce72fe0,71
657a2302f,96
dbe5bf31d,102
046b83571,4
14d3647ae,73
4e3f96c83,68
2c73bd62a,51
2212d47f2,62
4091cbb29,0
4181451b5,40
0608f2ec0,4
6c52831b1,97
a7ab2ef02,53
c081f5b7f,45
2e478a3cb,53
3aff0dc0d,4
b5fd14fbf,50
d08fafe17,76
528c13be5,75
ef26ad662,12
74eb03c19,43
761340c6d,30
4a506053f,75
5ec4acbb4,75
f938b8711,103
d98e07837,72
bf16e0cb8,49
da3a23d4c,49
85c997028,80
dcab7fc67,94
557900fde,103
0c288213f,79
e33d3b318,36
ade9181a5,26
3acfb71f1,27
3ed70f179,71
523dfab06,103
b96a82543,50
d8d29bcf8,74
393b7dc05,48
f2a6cb1f9,97
cde20b1b5,4
b82a2a3d4,49
2f5064517,77
5a33a8adb,0
e9c5f7cd1,48
6f9686457,53
38f6562a3,4
9409f8d69,88
04da4955d,75
67873d67d,74
01f76a519,18
117122b38,72
4af75b596,67
e1f2ff623,103
36c06efe6,75
1aacc5bb7,48
e8a6ceac5,4
a3535e355,53
187ba6ef0,103
bd1b3d191,49
8f4a554f2,68
0862d460f,4
67a25ece3,93
61e87e199,30
b187b258b,36
1a751ac8b,15
d8f9c9f6f,103
266ae8451,67
007258826,49
e71ab3905,46
ece8721cd,53
491331146,48
61e0f377c,67
263d09ca7,103
69c63b4fd,75
bd0d92568,72
ff264d2db,76
fe2c0a711,4
8dbbf9d19,11
c18a20c3d,47
3af4c8105,103
4a41ae5e8,83
4a9f824f6,67
e964c6dcd,8
bfd311430,75
e69beeff1,49
8e55f2268,77
2309219de,87
9f4b942ff,13
d08be28c6,62
146fc86a4,88
c0e30a258,62
fec3fbd0f,81
6473786a6,53
60d83cd0c,29
6d8432929,49
a249400b4,103
b6ef5389e,74
1989da31f,4
4149127b2,86
957f42d35,75
63a4aed70,50
9dfcbdf18,49
8a81276fa,14
6fbdee8bb,51
0d97ef626,67
638d987cd,16
f38fe4cef,103
6f40daa0e,48
acc377b86,41
4c184156f,86
523ec62fa,13
80c9bb328,75
0555a95db,4
da00cc5f6,83
1d03ab65a,75
9b28c9ce7,74
431a635c0,62
2d0832480,70
64027156d,67
7d107974a,50
4719dfcaa,75
e68f95550,86
47f7f9a06,87
6b7f80246,36
97b161e96,67
7e61b7ed2,38
452ec84b6,11
743a39958,49
6e7b662f3,102
88735317f,46
3406f987f,54
57a59f1ae,4
56c86b9c0,4
155fda1aa,0
e69ddc9c5,56
26d9a1072,77
20048b328,18
ffed2a555,65
10c568a02,89
0ed9ee6bb,67
f88f94471,77
887fb3ff6,103
d853b843c,41
dd33d59f9,28
95d50723d,28
679f13cfe,53
f7eede84e,78
8a8fae985,102
f2c6cb2b4,102
9d375712a,55
83e64f32f,46
6366d7061,90
88fdcd071,21
c85a1d564,25
6f12632ac,9
1b4a28bcb,48
e752f8dfa,67
fb5b6c2e7,97
40752b008,103
9419289bd,75
ecdb603e1,68
c1390c263,53
5a7f69e51,90
2ea467d26,73
9416364da,49
55dff9997,79
96cc54a3b,103
4a349dc90,103
6de9b2572,45
35c0567f1,0
509965df0,48
b7ad587a2,54
c0ebfe98e,24
25079853b,48
3e17385dc,68
ee9242d3c,77
20e92f82d,83
6daf9a7d6,73
7f01686f7,73
b7a815e07,95
488cd2512,86
27d271279,4
42f1496d8,4
1a25cc01e,49
47499b166,52
0c076890a,75
64dfb8137,74
a20b98b33,53
bf7e00572,4
78c58095d,4
9deaf95b1,89
cdfa5a4b8,74
5a2c8645d,52
3f5c2bb22,16
1dc077696,29
c3a60c66b,72
cad0e063f,73
82c3b7f7b,10
0a383f1bb,47
627e5cd5a,19
e799e6e75,4
18414db75,14
37cb79b63,4
8e66ce122,62
adb78b73b,48
4fc561f03,62
bfefa1d73,43
5cc548c43,67
c4727766b,4
e2372e47a,54
b8612fa45,75
651a0b6cf,103
4e65f53bb,13
025c07b54,51
1c30e72d1,73
909e04f8d,67
3b932fbd0,73
e1499d78e,14
ff9c8d8ee,14
785e7d196,49
f3c989c3c,26
4f6762363,0
7be31a9a0,0
e36cefcc1,73
067c659b5,103
d85f2a17a,8
f62d1e472,50
bd35bb1c3,102
0a117eab6,39
5c54f01e3,80
6abbdbbe4,76
3fbe83f91,53
c931dc74c,88
0313e231a,47
fa1a492ed,14
3aa882bbe,103
2f2b2a1f9,73
5255b9b6c,26
6036f3641,95
7748f8039,103
0a63cce73,103
36c544e98,4
9f80ffecd,41
875510d5c,67
a6bda1044,32
58f68539c,54
7257ec39b,75
3b79d913d,102
1e793aadc,4
8182d588d,7
599713c6f,91
a51dbb7c5,4
79272fffe,74
dfff0c929,76
4b8a4a3da,14
77ad23821,38
d665d6a8c,80
96b2a73ec,28
c1f7fad28,53
61f237fa5,50
361e308e0,76
b5fd782ee,28
cb9adc4aa,103
53a05f5ad,4
9ada0d093,93
b2d9ede68,39
bcb18c6e4,103
74b98cfd0,68
c762253a3,49
86afbe278,49
504ce2b94,4
a4a05f743,73
e3542e88d,53
d0661be31,82
f69e60044,4
1c64ecac8,69
8f04c2207,30
200cac2fd,47
38765c6bd,103
5e0e038e0,4
67ecf7563,30
794b67c42,93
7f4a2f594,13
b9f422445,13
6b1551121,101
167bb4270,28
c2b8d96b7,4
14b62edb7,103
7ebeaec30,87
37aab2807,4
385906707,48
455ebacb0,95
f6f3f541d,91
117551743,87
21d31d208,48
a20b7d9fa,68
c3f6cd0e0,28
103a5633a,102
656f4c5dd,77
35975d1ab,30
98e101a61,13
e6b713626,4
d4c65214c,76
8d6e9cd06,93
36c7c4a64,71
bd401fd21,103
b080d20f2,103
d9cb87ad0,64
3680129ae,101
556f2c5c6,102
dd9f61326,48
5f91412c9,1
258ff457c,102
ecadeb0a2,86
459d3299b,4
b46f208b1,83
d278a4f7a,49
2ecf2e9de,67
d4ab600c2,10
6d16c986c,67
bd3464591,79
64a00a8a1,67
82d5f6620,68
c0ecf5eb5,75
4cd75e21f,45
29d5a8bd5,103
2a5df761d,76
5d238f402,103
0045ce94c,67
2395c9740,49
028852549,102
6cf4b47c1,76
92debc194,86
1b0684dc7,4
77fbaf59a,64
8d6118759,29
b0f2342ea,86
02d70ed11,7
818253773,94
715656abf,75
6022f99db,21
97cf2d9a6,103
2a69fa3a2,42
4c039d563,103
496bb2adb,49
50749d154,9
5d0b6dc90,49
6c360b751,69
b10193db4,44
5ff5a39ea,73
80e758118,56
b3deff050,102
179aa8d61,45
1a33ad4d8,56
91ed2728b,102
fd0121113,102
cbbc6e017,82
057cfa1b3,75
fea37b294,13
919aa404b,13
00a7a6244,73
5bddd9a50,67
36af4c914,4
7cca3e7ec,4
1caf8b7dc,45
3cade7849,14
8c66b87c8,7
b335b5bd7,67
89ea4a518,51
5cf823995,87
a1c45a1eb,76
b5e238431,62
32863f792,4
0a90e5cb9,67
f7f77acb9,91
d1cfb6a0d,28
7677ecd51,4
afa405f0a,53
20ac1c597,46
6fa36a899,74
6c4b066af,4
e8e62aa32,69
728a12444,6
5d56a12d9,30
b9feb1bca,93
6be94f8cf,72
6bf3d86a6,19
3537c6c84,68
ab78481b6,103
c11fb922f,18
8745560e0,81
346182497,49
98f577627,49
66cfc023a,18
d6cd39e5b,37
0b8333bd9,67
b72ac95bc,22
75e6b445c,24
2dfc47c2c,67
4abbf6ecd,67
7eed3c569,9
5febcda99,49
8429cc1ab,86
8c7950b1e,75
508c39bfa,49
95c77ab53,73
710ee21be,67
e91e87dd4,48
37771fa98,66
6ed6b136a,75
2a69bcce9,4
de757dbb0,103
47f7fcd87,50
991108b09,0
7b6429c7f,59
84fc267ba,54
c3d234832,30
01520f1c3,90
e1b3d72dd,67
a1b220f98,65
7eaa17466,51
43f34500d,4
1e28c6a4e,41
d66dec02b,4
d18e36dce,75
d01453352,4
50df03fb2,103
c590e76b2,8
59f5594d7,13
53033eeff,53
d913c762d,87
790eb61fb,67
62eba5d4f,102
6309c0fee,53
d7d655c8d,14
1adf45393,103
5d375ac61,4
d82441a6e,90
e24d7d290,73
786ac2686,98
2b91acd3b,87
3bd1136ef,54
934408cfe,4
27455ebf9,75
504e1695d,47
9b608697d,41
d85ac7942,14
a391d5adc,48
3756769b5,85
57c0bd843,102
c071b59c2,67
7965e86c9,102
7153f9700,96
f0abbb0a3,83
3da7aadde,52
054de124f,48
0072f64ea,49
a98070f17,49
fe9040ec8,67
75607a399,103
fc220624a,18
caa1dd6ea,50
1f342e690,75
c301cdf4a,80
7dc21298b,103
18e4061dc,86
4fd1724de,10
98a3b2209,53
06a1a191b,49
876b105eb,90
fa43f67ed,103
b7063973c,28
7e23f7ad1,37
acbe731d1,0
fbc9ef0f9,62
7ff8d6f85,48
d1511e64f,12
9750fe0c2,4
7cdae8d89,4
09bc0c309,53
bbbc5f9a8,85
35e573945,98
983130c4a,53
94ef8e44e,9
206696cbf,13
ef123cabd,0
60c188245,67
eef606ee4,80
1f0642fd4,85
5376bd006,67
5bf457360,103
1d3399cbf,98
7e5967223,4
72f51631f,73
c3bab1104,0
b62a1a945,14
57f44a56f,16
e163f8333,68
41c27b630,94
ef591cabd,23
c0b653e38,48
76311e00b,25
4ea7f54f5,91
690f1dea5,49
93b56e886,103
3f3cfc6e5,103
73356bf2d,29
033f56581,21
8893d08a2,46
e23369e1c,49
2557c29c7,68
0502ffb63,51
6db4781a7,10
f9a14ea8d,91
916834e2b,67
4a42f34cc,79
7c10f4b8b,76
a7855a3e3,103
6b9570949,50
12c03d834,4
6429d59a3,16
463545278,73
88ab1aed7,94
f48aad6a7,67
816ea6eb9,53
ee64fb7d1,10
1363038b9,77
9a8d29f7b,95
aaafbe4e9,16
63ac3780f,49
f157a3c6b,49
1beb4e8ef,50
2ae165ee8,76
a17d53e19,47
03c54f05f,67
4546ad0cd,38
f033adb55,72
b27c04f88,18
08c3da1cd,72
509570780,4
5c76c7057,68
8a0b0f47a,9
0535ccb68,53
53d1111f9,103
f5207be25,67
0667667be,4
34aceeacc,40
39c5bb98a,82
d34eabf31,67
7af3ecde3,64
bb9565c29,11
cce4b16f5,36
947bca713,28
3bb893d48,49
fe1669ffd,75
fc6b8b594,70
5f84c75f9,7
c0a9efdcc,99
7db44032e,94
0ef6a4923,14
b2004fc1c,103
50b7b51b8,52
01597bbec,48
3af79d01e,74
ce72a44fe,102
e6135dd8f,27
226ff375e,68
7059b2c59,89
7b1e459ef,76
2a499fa40,67
fb9a6a9b5,67
d0411902b,67
f811b7fa3,53
5f729cf60,53
07f85cd68,71
3be259713,53
3a391563c,93
57d9b8302,4
434079379,67
757e27b6b,47
84a3027c3,3
a7af85579,62
142929b13,102
b8c434ee9,103
7de565519,79
e3b0ff721,94
c6bb832b3,0
d08d707db,48
f76006728,10
a048044c1,102
fb67e5172,53
4d88ed603,13
671ad3443,67
0f0ccd222,95
7ac6f5ed5,4
63ed2755f,49
c93ecfaeb,73
72606e8f3,87
9a167fc40,103
1d3f0519b,48
6ba2f9b54,13
2fe816ce2,13
9e87cc8f0,10
368d86c92,18
1fe1115ee,102
d75974136,73
4e933f65c,74
77759374e,82
9cb714943,4
c6326ffed,102
76bb433ee,47
4194b2615,16
26914358f,41
a68286bc6,48
0cf33d505,49
0dc507ad4,48
44af20a55,88
c87c12901,73
6273f48ef,14
5df38050a,75
3875d3601,40
26a12de02,95
c404b8c8e,79
61290cc43,0
3a81df4d4,64
b9e60ac3b,67
7d759eb81,70
78dbf0e31,103
f99834b3e,90
478e21c30,14
cc9d66275,65
a51abdf4f,9
a13d3dfa4,50
0cf6cceda,19
251a8d95d,53
70d635915,82
2072cd9f3,77
7efb877f1,103
d7388a066,68
2df00f8e9,13
53b2da1bf,103
fa612d18c,76
c785abe6f,7
ec60dee71,53
1f244d315,102
aeb67eefb,52
67056dfa6,75
2213dd7ad,45
4abefc989,9
edecaff0a,67
1dc234d6d,48
37e16acde,75
6521bc49e,67
054412f7e,55
cc9cd7803,0
1548838d2,48
54f73d67c,14
5ac870ba2,8
dcbd123a6,70
bb0b9304e,102
a91426ca4,7
d97215599,13
c7dad9e04,48
034ef87a4,14
15f331c1c,4
416e24d42,13
75d255458,95
0394a004e,75
ff30e8b96,26
abed810c6,94
0dd7f1f16,30
e1e7f8c61,103
662f8bc0f,68
f85a5ee9a,73
2f4c11e66,51
6b82e86e7,68
6ca8991a6,49
6557acff6,94
4ea1d0d52,53
dd20b2594,62
01492b421,93
35cb5e3c3,72
466f28358,103
9d56168f2,4
237fe1fb0,37
a0e86b0b1,21
37822e7db,70
50bb7de2d,4
4d9a5c0d6,97
d4ae8d14a,41
8c8ffc7cf,89
6485b01ac,4
6dbeff852,30
78f6357bc,50
fe590ee52,102
e5ee0be59,10
9dc89dc6a,0
ce53cea31,72
c5fda34e8,14
8459de1be,87
fbc29acc1,4
4e792387e,27
0b624f751,67
7504b36cf,103
526449d16,91
7c8c55147,102
f14b84f95,43
241202d64,72
f78d35dfd,54
ca96ff636,66
6db87048e,25
5a68d7893,8
4bc218fab,86
b4d954bdc,80
274f4bd2e,87
d97f377fe,19
228f748d6,82
5e802f360,83
db9eca137,12
301054988,49
2f4739680,14
bb0e5dbe4,30
0fdf5073b,68
78f5768d9,49
a73efac60,81
2d0fa50dd,96
ee2b50aed,22
457ef8195,67
e80ddeb7a,39
a7046c744,53
2688f98e3,12
85934f1fd,73
da2d9bde4,103
7b9220d4c,39
44c94e8b0,67
6823dfca4,103
3accec78a,102
0cb8a264e,4
b2104558a,103
6ff58f465,93
12b48d46f,70
f5ce3d423,17
b1ab363dd,103
7fdb7247e,15
d0e21eef7,13
1c92e2b89,7
ca0113f84,1
6abf7f144,14
c3ae73094,74
135359fe2,29
b983a51bd,103
b319ff6ce,98
e56f9fd6f,4
3496823c5,4
63348128c,103
906121480,102
7e4a5d836,82
40bf06f20,4
32a2079ff,49
87a338501,100
93cdaddc1,57
624d13949,95
d93bfff1d,67
67714a8d8,67
a567d4a59,67
4d761f97e,29
3cd423fb6,47
4994522d9,53
764a3885f,74
a5988f75e,53
8d2b32b02,53
cb3ffeb02,37
c83825f6f,72
b9231d9bd,94
f58d7487e,62
795083f79,4
5da84086e,58
5cd55d54a,0
da6606b4f,49
05a32258d,49
dacefb140,17
bea75c9d9,32
362fbf850,67
4955fcb53,73
94da0ee7f,102
f2d476916,45
b339d0a61,103
778c53136,30
317c8b0f1,4
494e86d83,67
71cc05cc3,39
d5628d4df,8
c1553af6a,8
e96b3436b,8
8fe181d94,49
5a33b53eb,49
38f3a40a5,103
e1bcbc106,73
666d25d39,103
4d14ae692,48
f6482ab55,48
f95b41656,53
fef98a71f,73
edad0d3ee,75
878e5d725,53
a0b262e40,12
477aa8655,68
5c1b0f7ce,4
fbfd9cd87,78
1f7554862,13
2ccf28e9f,45
4bd6a1f9a,103
c4970c739,67
df88a9d81,73
38faa7eb9,49
e60d19647,79
9428dd133,53
7d6a2ef07,10
ba4caa600,49
5a80d4beb,7
3ca2ee97f,71
eed32e9a6,77
527fe834f,92
653ee9b0b,4
c0fb3bed8,19
36a261537,9
587e9b784,73
8cc1fc2f6,86
15a4485d5,48
6b132a6ca,48
6fe85feee,53
14453eb64,88
1e73b74aa,103
347c449c8,79
317b22963,90
38331a6e7,83
7927ce9c6,102
398744450,100
92cf0e905,76
768bf1fe7,39
ba32fd161,75
20e16a0b1,78
5ce48d24d,76
7247cc6b3,68
03e5f5846,46
c36c6ab5a,67
f3ee3f7ef,95
5ba637a6f,73
02c52b451,52
e41a75354,48
d5888b919,4
1b4beb2ee,77
26d1c3498,8
3d7e6922e,26
8b5155f07,40
e3beb7e77,7
7796dda43,55
473db5fc1,102
a6e295583,78
4fd8099de,64
516ef6822,75
706729fd6,82
b909de36d,77
bd612f053,103
bcd77e220,5
707178bf0,86
0835292c7,0
d123bd691,36
2f57d711b,4
a40c5b66d,62
a5eab308b,87
0bc95b595,4
0847f61d9,73
1fa3035ed,79
609230590,0
973172c57,102
d57064ac3,97
d55497abb,102
9d65f5961,103
f98f94bac,51
ec15f805f,71
1beb08caf,39
6f6009530,28
a1e81894c,67
8c026ccfa,83
98320c076,39
b45b3f474,46
268c2e415,82
6ea1e9ac0,30
bc62cedd8,14
abaee2413,78
b796fe951,49
0e5ddc603,75
52178db26,71
79245d0e9,10
f2a97a3bf,67
76ad6cdd7,5
1344e985d,41
79c44e828,103
027ff9d9e,83
da0416b3b,13
6d00d0707,76
bc2795b7c,48
661e5ee1c,103
500ac8bc6,28
87ad47626,102
bfda38c44,48
e2ef28251,67
4244d98b7,4
e8a5b6337,103
e7bda0661,88
90db97153,103
212497b97,93
0a5f90dd1,48
1d0cc3798,80
41eb38ad4,59
9333ee3f5,42
339153138,53
42105b5fb,53
b507ebc7c,88
3f36a62d5,98
40daf3243,14
2c9dc020d,83
3e7922328,21
b7ecbd370,4
bbce1172c,67
da76579e7,78
100c6474a,43
96112131f,49
83a004123,4
40d992dc1,73
c63f5d38c,89
3bef19347,48
61d566521,14
99b3a15e5,49
e4e16eb70,103
a1f8b0936,53
967133383,61
56737d31f,67
54454ed83,43
4612e397b,4
1aebb60d1,1
a7b95dad7,103
c3ecbced7,75
77d850f7e,27
3bfb94587,52
1b474b251,81
ddbf2eac2,90
2bec0d2ea,103
cbbe148a1,93
ada0d1354,59
29d87bc0c,5
9154cfc20,4
605131c3a,45
f552eaaed,83
82dd63dbb,47
83c2057bc,39
f314ed416,103
2a18f7ed4,3
50fe6ebcd,67
0950aa4c0,14
08a7d77fa,98
c1d072b0f,83
d445b47b7,78
d9e1e54c4,4
a97f64861,16
531165006,103
0ac5ebf0e,52
f73a6bda6,83
fc4486b5e,103
27aa48f60,7
4500b8a44,75
8d4598be0,48
8899c2050,13
544ba8771,4
98de1be5f,4
209e45144,49
5629fc992,73
8e6591362,73
7f9351c2d,49
a0d752238,50
4ddf168de,73
d70fac2cf,77
d31117d38,67
315a148f3,0
5c5a534e3,81
3070b77cf,55
2623d36fe,67
28f52a866,29
d0ee253f0,67
d0f992c31,45
906ed5d8d,10
151e1bb21,49
5d4d774bb,49
d7e737749,55
8b4b27e9e,48
dc9af495b,13
dcf4672c6,67
185f4651e,82
ae2b1bed4,75
032ca1556,4
56bb538b2,1
32bd3826f,56
1837b91e3,87
1bff5085b,67
48fb56f39,49
8f7809cb4,74
bd1dbe4ca,53
a29efa0f2,53
48b37a43a,67
82c248395,45
1336ca52d,10
9f2d4991f,62
99776d4df,82
b9bae6b0e,34
661307d74,102
f1deb3cc1,102
35311eba4,91
aa8eef48e,103
a8ba067d1,77
1329c5b4a,75
8fa8ee1c5,21
218ffc7c9,13
d39b5658a,91
e6f327757,73
546744090,49
23f7b7a7a,102
370c2501b,47
459adb9c4,72
ac1156cb1,88
45a36938c,50
89bce4769,29
b6a36c182,67
d982b80ea,0
1e26604ea,21
5398f55f4,73
04bc5ff61,67
65bd3368a,38
dd102e397,103
bf85f6b58,0
4bd5d4982,52
502aa0fed,14
0e4cdf053,12
06bfec1b7,4
ef7856a23,103
b2a96e09a,13
77a987385,80
9e7060f60,77
9fd265646,28
632b5d37e,67
9000b5760,69
230b4a95d,43
9d7b004b2,75
2b1ceb24c,67
b25c080d9,102
3da1159fc,94
afd01aca5,43
567e64f51,16
392019a2c,4
e43b134a9,59
d782603ae,53
270665eaa,67
aec93bbc4,53
5245d1288,70
2cd58674e,62
7afcf9660,103
6e3716497,29
9a1d5df73,103
dc77fccc8,7
b8fd3b2f7,75
f7fd08c1a,73
c80ef2e31,80
ad9aa2ae2,88
98bb92c1e,67
b99ddd49b,45
eba77622f,71
1e9cf8264,16
e2e96c56a,72
4afd54574,43
e3c6e720d,14
9556bf430,83
fd704758e,103
75dbc2c81,69
961163819,103
8919d694f,102
945155e8b,13
e39fc5430,36
75a50917b,48
563f7b16f,0
b106e1623,90
735b3631b,95
70f9d13b9,103
d50341097,70
597beba89,10
3c525cead,72
6449727d1,83
fbc1f1f89,49
54a1667e9,21
994db92ae,25
51e3f656c,40
a7756b411,53
625ea352f,19
fef2b59d5,103
dba16733f,24
3353b9bda,17
e70be746d,67
d15a4d94c,49
0556575d8,29
b52d8f0a2,47
9e7a1bca6,70
16b00a5d5,49
3b58e0b0b,14
343a80f91,27
cffa0410e,53
f9dcd69e3,67
8d1bc9b54,18
d08960735,73
749b744a4,47
0ef6541f9,32
2cba09f03,70
c8bff789b,36
69a3de639,76
e269805f6,76
6cc34f6c3,46
52171b028,73
a2d5f3e8b,72
4e1eb807f,36
ea0d2354f,46
e7d33e06f,79
07803a6a2,62
01c00d9c8,53
355abfa16,49
8695f4633,53
a0add49a2,13
61f3da6ae,55
b9ba7799e,13
0ce7adbea,39
3920794fb,51
8fe41c548,48
813ba4348,28
1b426a50d,0
7c9f01509,4
1600cce78,45
311799a0e,48
d9d483387,4
4575d8130,4
9dfd91c6f,67
c96b560a3,47
71c31d4be,4
8556f75dd,101
0e7c4c272,57
088b35ed1,75
1c074bd0f,67
464b2b309,53
a7f5360e0,4
cf9cf9368,52
d753dc261,7
6e60eef45,67
701d4ac2f,24
5e76ba18f,69
0497c3265,39
3d9c51d3d,53
fe1857f3f,73
9067fb1fe,35
778808485,33
a2ca3206f,48
9c1a396f9,87
687997bb5,43
8175828ef,47
3569ab6df,41
9edb00dfd,49
c41a4be65,75
b6fbcbacb,53
c779948c7,93
9b444719b,102
8b23979a5,63
db789a901,4
0476b626a,47
1fe55a939,12
d02a2fd8f,75
5fbdf775d,49
5b1353d71,68
88c6b5f1d,102
ce6b42efc,53
2f29a2a9c,73
fa05f57cd,4
43df50ed0,86
6bc102ec4,50
5fedd16b9,4
62d2aaf89,72
ddb556ab6,88
033c8773d,86
7c2d22784,43
61f07f2d3,48
61b28f8bc,64
8ad63bcf2,71
ec3f90c05,67
2984c04e1,8
bd439cf5e,53
9015e43c5,68
fd88bb2c5,68
048fe3ca8,75
9f5e5ec3f,4
c515db368,48
df8c1c48b,56
a334e573b,101
9b7918a64,94
d59fc6634,91
fee9f7c67,49
c080ec831,45
73b47d713,103
e0f2a0864,103
8eed96f65,50
dcb79c93a,73
97ccf888c,103
3232d6f56,13
96109449d,8
afbdbbf2b,48
7698bb454,17
a3c091760,57
ee40fc4e5,75
9c8dc2ba1,34
7d0e7bbd2,75
e8978b192,0
e1f685853,73
7f5e3f4d8,74
a3d8cc563,33
8b01cbd62,4
6eb8b8e84,13
6c925a18a,89
61ceb0f5b,94
256e89fc6,85
711216a77,94
82f95de55,4
af4d8f92b,83
c2a609ae7,103
1ca3b1ec9,75
fc2199013,7
f35bba490,17
a8ec16428,102
d3d08e737,32
801b2e0b5,38
318d049f2,49
2c2ffb258,79
7fad74e0f,28
75b41a741,4
9011dddde,82
0feb4e2ef,10
6f725ddd0,21
357b3b1d3,58
8b4dab7c3,69
da4c0be52,68
3d3dbb521,0
8960bdc5f,82
7a512bfa0,67
4ca32d7d8,66
9dfc925a1,80
59b2a320d,93
4831ae48a,58
5dcad39ff,102
4d0229802,4
d56f1eaf5,38
5c597c7e1,79
f1641e325,47
487a6f05e,9
a46582e86,81
6c123c407,82
8b7fbfa1a,0
419424bb9,67
760a844a4,18
70be85fb4,50
856a55f6b,75
71c381469,47
cd503942f,55
a4f827652,13
2103e7549,90
8cee8b405,53
5285b9c84,0
aead648e4,68
5675c2ee7,50
1ef2e4de1,4
dd8b1aaca,88
681e2b154,93
8bb630662,70
a0d5a99e0,53
5382ac6d9,47
c753eb6c0,9
a0dbd84e8,103
c3565844a,102
6cc8bfcf1,8
b846a9ee6,101
ea86d7b46,72
4cf56a9f2,68
2939aa5df,40
9a6a82b59,17
9eeefb070,10
67eb6bb6d,67
22c98bd18,72
960b40f5f,75
a74852f37,0
da4a55d56,26
af669d8e8,103
610314687,73
42ec55913,55
be3a7698e,103
96e4b2ef0,100
e0151da58,4
2e0bc183b,87
3fddc8eeb,37
691acc46f,53
a43f7fc0e,49
4f5a0a2a6,67
8c17a992a,48
d70ee220d,5
f5ae2d10f,25
dd103a297,41
0b5c8e646,103
8bc85ca8d,10
139bec7ca,29
31f2e5155,86
db0c2006b,28
c06c7ca88,46
7d7a8baeb,25
7fc947bde,45
e88d42b8b,71
14057210c,49
b9204c339,103
b5f49135b,4
b273a1ca7,86
33332272e,103
4a530e1c1,80
bbd3eba7d,103
0422f8181,12
24c202e61,45
6c51e020f,47
2d64f0901,14
3d4a5ad3e,79
3b7f6b220,103
c2ad42df9,74
9d0d80d6d,4
b3acfed2e,103
56f31776d,67
83b0ea85f,13
df17daf47,83
c55a2af2f,4
c74e100ff,69
89ef3a121,77
341b65192,28
68510e311,102
e3b70ca71,35
4c4fda276,103
7668e5204,103
c1c9a86db,10
6fed43511,67
e4f8cae75,82
41716e097,49
e6798651a,50
ba782cc48,48
7f71b69e8,75
706aa9df2,102
c180f1160,80
16b341509,43
bb298dcc5,94
1cccba04f,88
b67bdf3d5,13
378c2a70e,72
eb478b7cb,73
a855179f9,93
b78e121dc,14
79423d8e8,88
2bddd2904,73
532c117fc,87
f4dd28145,94
a3d0a07a8,73
a1ca4c928,4
10e3859fc,81
69bdf9905,24
939f715cf,53
80d50c469,103
ebc1583ce,47
cfdf97182,102
65f299d4d,103
b7882444e,53
d47eedb46,84
570029ba3,74
4d5836f7d,0
37b58af62,12
721301e6b,8
ebc7ae3b0,45
d9eedd469,48
28c5b096e,97
9fc4a402d,70
7c9adc043,56
5172a3da6,96
7e1f50feb,39
9856ba8b9,67
f718d5fff,102
3a6847333,82
83bd193a6,93
0c295f0fe,18
b2cdea1bc,4
e0bf00d7a,67
885d5d2ef,93
dc680460e,45
f2f66f2c0,73
a7d70c4de,8
0d7eab0ce,40
4fe029378,5
562b2d688,59
df5392f38,4
1b7916b63,102
5193214a6,69
078233359,50
f3c3215ff,52
b9e513369,87
05d03cdb2,4
e45a03866,103
3ee4afec0,95
aeb1a52fc,51
0c6b189f3,67
db2bf0488,67
3a3274d90,68
ea32570af,13
e1adf9362,100
2e7d74e55,24
d36d163c8,102
ed429fccf,49
5e7372874,97
a5b6a29c8,59
2451960a2,25
0b9edd8f9,70
38bc8b746,75
d0b48815a,53
6c0edcf33,76
eb4bacc7c,5
0a38b5a6f,13
d8f81ecea,4
8427d213c,27
c1e7e7867,76
a53fc71a1,47
b1391f097,103
760ce7b43,95
88226300c,98
658b73453,49
ca9c4b1e1,4
1fc614660,49
9e011c986,8
2b9d54083,36
a0dfbd411,76
8801493cb,95
11ed4fed5,29
4c79f68f0,93
83abaef21,103
efdc65d2f,86
3eaf5a947,8
c9c4ad186,95
69af53dca,46
709d4aaac,89
5f274a6ad,103
938b2ff4f,14
9e421d059,103
42fbaf02d,100
4cf1de29a,74
e8add9fd5,28
8e75c9098,90
74ecc535b,102
3b518d13b,0
76f661311,53
816ada493,53
64a087667,80
df01d58ca,87
5e35708ec,53
436f2b8f1,88
e690ff8ae,67
f8aff0cd2,55
757866231,14
9d98f7c9e,103
e8a1d04f0,103
f9eb9c412,4
ad60c3571,50
0c7c4d0a7,4
c7cd71880,77
888fb3305,68
0281e01e3,9
44903b337,73
f5a3fd7b5,53
42d890962,35
11e3afa83,103
01a3fdd52,87
ff2ebb52f,61
14d0bc36e,87
4b2c0659e,0
fd5cd4e2c,73
53f2f97d2,51
4ba2dc197,103
af3c7a24b,44
337187c30,67
0134f018d,35
b8bfa2b50,13
aeb6e32ab,83
b52c3c500,103
f21bd29f5,4
23ea13205,9
fb6d4648a,21
8b293a45c,82
02055dd80,67
b0d0e7cd7,59
1e0d2fb87,59
369e356df,28
23a5ec48b,98
6b47e8357,42
ff67d505e,81
5b89103cf,10
2daf558c1,12
2e21540ac,86
a2e59aee8,14
40fc0d8ba,50
fcebd07c5,67
a4cd1d43c,67
341eee5b2,21
f0f7de90c,90
991b607de,80
fd44aaefd,102
6e4e60f69,8
d5ccfad53,49
6e979324c,93
a5d4584c3,103
5ac5273a9,93
deb71b934,48
920247fd4,96
785f14a23,4
37b17ad81,103
e256b0ce1,67
23d5c512f,53
486715238,7
e60d33c82,4
c5d48fbbf,67
85b7e1897,103
a024aee0f,14
25004084c,67
c199140c3,28
7f19952d4,64
589fe7959,102
ca1d1d65c,46
d6c7e918e,67
48faecd45,77
e46998f4d,4
5e166be69,82
3dd4e386e,28
a21f6d452,49
f26f199fb,17
623b64d19,11
abac36cc0,28
1289609e3,102
9e7925f1b,49
becdc1364,95
48526fccb,62
8361401fa,45
